_id,singkat,hasil
1,abis,habis
2,accent,tekanan
3,accept,terima
4,accident,kecelakaan
5,achievement,prestasi
6,acra,acara
7,acrany,acaranya
8,acrnya,acaranya
9,action,aksi
10,active,aktif
11,activity,aktivitas
12,actually,sebenarnya
13,actualy,sebenarnya
14,ad,ada
15,ade,ada
16,adult,dewasa
17,adventure,petualangan
18,adventurer,petualang
19,advice,nasehat
20,after,setelah
21,afternun,sore
22,again,lagi
23,agency,perwakilan
24,agent,agen
25,agk,agak
26,agktn,angkatan
27,agree,setuju
28,agreement,persetujuan
29,aing,saya
30,aj,saja
31,aja,saja
32,ajah,saja
33,aje,saja
34,ajeh,saja
35,ajk,ajak
36,ak,saya
37,akeh,banyak
38,akhire,akhirnya
39,aktifkn,aktifkan
40,aku,saya
41,alhamdlh,alhamdulillah
42,alhamdulilah,alhamdulillah
43,almost,hampir
44,almt,alamat
45,alone,sendiri
46,alsn,alasan
47,also,juga
48,always,selalu
49,ama,sama
50,amazing,mengagumkan
51,ampe,sampai
52,amu,kamu
53,amuh,kamu
54,ancen,memang
55,ancur,hancur
56,ane,saya
57,anget,hangat
58,aple,apple
59,aplksi,aplikasi
60,aproved,diterima
61,aq,saya
62,aqoe,saya
63,aqu,saya
64,aqw,saya
65,arep,mau
66,arived,tiba
67,article,artikel
68,artine,artinya
69,asignment,tugas
70,assistance,bantuan
71,assistant,asisten
72,asyek,asyik
73,ats,atas
74,atu,satu-satu
75,atw,atau
76,automatic,otomatis
77,aya,ada
78,b,bb
79,"b\kesinambungn""",berkesinambungan
80,babeh,ayah
81,balasanya,balasannya
82,bales,balas
83,banga,bangga
84,batre,baterai
85,bbrapa,beberapa
86,bbrp,beberapa
87,bbrpa,beberapa
88,bdg,bandung
89,beach,pantai
90,before,sebelum
91,begete,banget
92,bego,bodoh
93,belike,belikan
94,bengi,malam
95,benjol,memar
96,beraktifitas,beraktivitas
97,berjln,berjalan
98,berkmmpuan,berkemampuan
99,bersaman,bersamaan
100,bet,banget
101,beter,better
102,between,antara
103,Bgm,bagaimana
104,bgmn,bagaimana
105,bgmna,bagaimana
106,bgn,bangun
107,bgt,banget
108,bgtu,begitu
109,bhs,bahasa
110,bimbel,bimbingan belajar
111,birthday,ulang tahun
112,bis,habis
113,bjln,berjalan
114,bklan,bakalan
115,bkn,bukan
116,blackbery,blackberry
117,blg,bilang
118,blk,balik
119,blm,belum
120,bln,bulan
121,blng,bilang
122,blnja,belanja
123,blom,belum
124,blon,belum
125,bls,balas
126,blsanya,balasannya
127,blum,belum
128,bm,bbm
129,bnar,benar
130,bner,benar
131,bnr,benar
132,bnrn,beneran
133,bntr,sebentar
134,bntu,bantu
135,bnuh,bunuh
136,bnyk,banyak
137,bobonya,tidurnya
138,bodo,bodoh
139,bokap,ayah
140,bole,boleh
141,boong,bohong
142,boring,bosan
143,bpak,bapak
144,bpk,bapak
145,brangcut,berangkat
146,brangkt,berangkat
147,brenang,berenang
148,brg,barang
149,brp,berapa
150,brpa,berapa
151,brsih,bersih
152,bru,baru
153,bs,bisa
154,bsa,bisa
155,bsar,besar
156,bsh,basah
157,bsk,besok
158,bsok,besok
159,bsr,besar
160,bth,butuh
161,btuh,butuh
162,btul,betul
163,btw,ngomong ngomong
164,buanged,banget
165,buangedh,banget
166,buanget,banget
167,buktiin,buktikan
168,buktin,buktikan
169,buln,bulan
170,bungks,bungkus
171,bw,bawa
172,bwa,bawa
173,bwah,bawah
174,bwat,untuk
175,bwh,bawah
176,bwt,untuk
177,byar,bayar
178,byk,banyak
179,byr,bayar
180,cabe,cabai
181,cadas,cerdas
182,cah,bocah
183,call,telepon
184,can,dapat
185,cape,capek
186,car,mobil
187,career,karir
188,caution,perhatian
189,cb,coba
190,Ceman,teman
191,cemungudh,semangat
192,Cemungut,semangat
193,cepet,cepat
194,cew,cewek
195,cewe,cewek
196,check,cek
197,ciapa,siapa
198,cibuk,sibuk
199,cinto,cinta
200,cius,serius
201,ciusan,seriusan
202,ciyus,serius
203,clananya,celananya
204,cmpakan,campakkan
205,cmpakin,campakkan
206,cnd,canda
207,cnda,canda
208,cnggih,canggih
209,cngih,canggih
210,cnt,cinta
211,cnta,cinta
212,cntik,cantik
213,cntk,cantik
214,cntre,tengah
215,co,cowok
216,coach,pelatih
217,coaster,alas
218,cocokin,cocokkan
219,cocoknyo,cocoknya
220,coconut,kelapa
221,cod,bayar saat pengiriman
222,coding,mengkode
223,coklat,cokelat
224,colecting,mengoleksi
225,colection,koleksi
226,colongin,curikan
227,colonial,kolonial
228,color,warna
229,colorful,berwarna-warni
230,colour,warna
231,comeback,datang kembali
232,comedy,komedi
233,comendable,patut dihargai
234,coment,komen
235,comercial,komersil
236,comes,datang
237,comfirm,konfirmasi
238,Comfort,nyaman
239,comfortable,menyenangkan
240,comic,komik
241,coming,datang
242,comingson,segera datang
243,comingsoon,segera datang
244,commando,prajurit
245,commendable,patut dihargai
246,comment,komen
247,commentary,uraian
248,commercial,komersil
249,community,komunita
250,communityny,komunitanya
251,company,perusahaan
252,competition,persaingan
253,complain,mengeluh
254,complete,lengkap
255,completes,lengkap
256,compliment,pujian
257,compose,menyusun
258,computing,menghitung
259,comunity,komunita
260,comunityny,komunitanya
261,concept,konsep
262,concert,konser
263,condition,kondisi
264,conditioning,mengkondisikan
265,conect,menghubungkan
266,conection,koneksi
267,confident,yakin
268,configuration,susunan
269,confirm,konfirmasi
270,confius,bingung
271,confuse,bingung
272,confused,bingung
273,congralts,(ucapan) selamat
274,Congrat,(ucapan) selamat
275,congrate,(ucapan) selamat
276,congrats,(ucapan) selamat
277,consept,konsep
278,consider,mempertimbangkan
279,consult,berunding
280,consultants,konsultan
281,consumer,konsumen
282,contac,kontak
283,contact,kontak
284,content,isi
285,contest,kontes
286,contoe,contohnya
287,contra,kontra
288,contract,kontrak
289,control,kontrol
290,convention,konvensi
291,Convoy,konvoi
292,cook,memasak
293,copas,copy paste
294,copot,lepas
295,corner,sudut
296,corners,sudut
297,corola,corolla
298,correction,koreksi
299,corridor,koridor
300,cosmetics,kosmetik
301,cost,ongkos
302,costs,ongkos
303,costum,kostum
304,could,dapat
305,council,dewan
306,countdown,perhitungan detik-detik terakhir
307,counter,alat perhitungan
308,country,negara
309,countryside,daerah pedalaman
310,couple,pasangan
311,cousin,sepupu
312,cow,cowok
313,cowo,cowok
314,cpt,cepat
315,cr,cara
316,crazy,gila
317,cri,cari
318,crt,cerita
319,crtx,ceritanya
320,cucok,cocok
321,cukop,cukup
322,cuman,cuma
323,cumn,hanya
324,curcol,curhat
325,cwek,cewek
326,cwo,cowok
327,cwok,cowok
328,cyus,serius
329,dah,sudah
330,dalan,jalan
331,dangerous,bahaya
332,dasyat,dahsyat
333,date,tanggal
334,dateng,datang
335,datenglah,datanglah
336,day,hari
337,dbls,dibalas
338,dbnt,dibantu
339,ddlm,didalam
340,dduk,duduk
341,defence,pertahanan
342,defend,membela
343,deg2an,deg-degan
344,degdeg,deg-degan
345,degdeg-an,deg-degan
346,degdegan,deg-degan
347,degdegser,deg-degan
348,deket,dekat
349,desek2an,desak-desakan
350,desekan,desakan
351,dewe,sendiri
352,dftar,daftar
353,dg,dengan
354,dgn,dengan
355,dgr,dengar
356,dgrin,dengarkan
357,dgrn,dengarkan
358,dh,sudah
359,dibangain,dibanggakan
360,dibls,dibalas
361,digangu,diganggu
362,diizinin,diberi izin
363,dikasi,dikasih
364,dikasinya,dikasihnya
365,dikit,sedikit
366,dikls,di kelas
367,diliat,dilihat
368,diluk,sebentar
369,dimana2,dimana-mana
370,dimkn,dimakan
371,dimksd,dimaksud
372,dimn2,dimana-mana
373,dimna,dimana
374,dinstal,diinstall
375,dipake,dipakai
376,dipangilnya,dipanggilnya
377,dipke,dipakai
378,disawat,dilempar
379,disblah,disebelah
380,discon,diskon
381,discont,diskon
382,discount,diskon
383,disebrang,diseberang
384,disebuah,disebuah
385,disekolah,di sekolah
386,disekolahan,di sekolahan
387,disekolahin,disekolahkan
388,diselengarakan,diselenggarakan
389,diselimutin,diselimuti
390,disenayan,di senayan
391,disenen,di senen
392,disentul,di sentul
393,diservice,diservis
394,dishub,Dinas Perhubungan
395,dishubkominfo,Dinas Perhubungan Komunikasi dan Informatika
396,disi,diisi
397,disia2in,disia-siakan
398,disimpen,disimpan
399,disimpng,disimpang
400,disinih,disini
401,disklh,di sekolah
402,diskonnye,diskonnya
403,diskony,diskonnya
404,diskonya,diskonnya
405,Diskonye,diskonnya
406,disni,disini
407,disono,disana
408,disonoh,disana
409,distribution,distribusi
410,district,daerah
411,distroy,hancur
412,disturb,ganggu
413,disurga,di surga
414,disurh,disuruh
415,disuru,disuruh
416,ditabra,ditabrak
417,ditaktir,ditraktir
418,ditaman,di taman
419,ditambahin,ditambahkan
420,ditanah,di tanah
421,ditangepin,ditanggapin
422,ditanggepin,ditanggapin
423,ditangkep,ditangkap
424,ditangkepinnya,ditangkapinnya
425,ditangkepinya,ditangkapinnya
426,ditangung,ditanggung
427,ditaro,ditaruh
428,ditarok,ditaruh
429,ditelen,ditelan
430,ditemeni,ditemani
431,ditemenin,ditemani
432,diteraktir,ditraktir
433,ditingal,ditinggal
434,ditingali,ditinggali
435,ditingikan,ditinggikan
436,ditkarkan,ditukarkan
437,ditlp,ditelepon
438,ditmpt,di tempat
439,ditngah,ditengah
440,ditngguin,ditungguin
441,ditnguin,ditunggu
442,ditnjkn,ditunjukkan
443,ditoko,di toko
444,ditrakter,ditraktir
445,ditrotoar,di trotoar
446,ditugu,di tugu
447,dituker,ditukar
448,ditukoke,dibelikan
449,ditukokno,dibelikan
450,ditumbasne,dibelikan
451,ditumpaki,dinaiki
452,diTunas,di tunas
453,ditunggu2,ditunggu-tunggu
454,ditungu,ditunggu
455,ditungu2,ditunggu-tunggu
456,ditunguin,ditunggu
457,ditunjukan,ditunjukkan
458,ditunjukin,ditunjukkan
459,diturunkn,diturunkan
460,diwarnet,di warnet
461,diweekend,di akhir pekan
462,diwolak,dibalik
463,djagain,dijaga
464,djemput,dijemput
465,dJkt,di Jakarta
466,djln,di jalan
467,dkasih,dikasih
468,dkat,dekat
469,dkatkan,dekatkan
470,dket,dekat
471,dketan,dekat
472,dkit,sedikit
473,dkk,dan kawan-kawan
474,dklinikk,di klinik
475,dkluarin,dikeluarkan
476,dkmps,di kampus
477,dkomplain,dikomplain
478,dksh,dikasih
479,dkt,dekat
480,dkung,dukung
481,dl,dulu
482,dlakukan,dilakukan
483,dlakukn,dilakukan
484,dlam,dalam
485,dlanjutin,dilanjutkan
486,dliat,dilihat
487,dliburkan,diliburkan
488,dll,dan lain-lain
489,dlm,dalam
490,dlnjutin,dilanjutkan
491,dlu,dulu
492,dluan,duluan
493,dmainkan,dimainkan
494,dmakan,dimakan
495,dmam,demam
496,dmamX,demamnya
497,dman,dimana
498,dmana,dimana
499,dminta,diminta
500,dmn,dimana
501,dmna,dimana
502,dmna2,dimana-mana
503,dmnanya,dimananya
504,dmnnya,dimananya
505,dmno,dimana
506,dmnt,diminta
507,dmnya,dimananya
508,dmobil,di mobil
509,dmonas,di monas
510,dmtr,di motor
511,dn,dan
512,dng,dengan
513,dngan,dengan
514,dnger,dengar
515,dnger2,denga-dengar
516,dngerin,dengarkan
517,dnggo,dipakai
518,dngin,dingin
519,dnginan,dinginan
520,dngn,dengan
521,doain,doakan
522,doane,doanya
523,doang,saja
524,doank,saja
525,dolali,pada lupa
526,dolan,bermain
527,donload,unduh
528,donlod,unduh
529,donlot,unduh
530,dont,jangan
531,dpat,dapat
532,dpatkan,dapatkan
533,dpet,dapat
534,dpn,depan
535,dpstikn,dipastikan
536,dpt,dapat
537,dr,dari
538,dri,dari
539,dripada,daripada
540,dripd,daripada
541,drmh,di rumah
542,drmn,darimana
543,drpd,daripada
544,drtd,daritadi
545,dsana,disana
546,dsar,dasar
547,dsb,dan sebagainya
548,dsini,disini
549,dsitu,disitu
550,dskolah,di sekolah
551,dsktr,di sekitar
552,dsmber,desember
553,dsna,disana
554,dsni,disini
555,dsno,disana
556,dsruh,disuruh
557,dst,dan seterusnya
558,dtang,datang
559,dteng,datang
560,dtg,datang
561,dtgin,datangin
562,dturunkn,diturunkan
563,duitna,duitnya
564,during,selama
565,duwe,punya
566,duwit,duit
567,dy,dia
568,elo,kamu
569,elu,kamu
570,emg,emang
571,emng,emang
572,emoh,tidak mau
573,endiri,sendiri
574,endonesa,Indonesia
575,enelaan,beneran
576,engak,tidak
577,engga,tidak
578,enggk,tidak
579,engk,tidak
580,enk,enak
581,enough,cukup
582,entar,nanti
583,enteng,ringan
584,enyak,enak
585,etc,dan lain-lain
586,event,acara
587,every,setiap
588,everybody,semua orang
589,everything,segala sesuatu
590,everywhere,dimanapun
591,ex,contoh
592,excelent,bagus
593,exit,keluar
594,face,muka
595,fact,fakta
596,failed,gagal
597,father,ayah
598,fee,biaya
599,ferari,ferrari
600,filem,film
601,finally,akhirnya
602,focus,fokus
603,folback,follow back
604,folbacknya,follow back nya
605,folbc,follow back
606,folbcak,follow back
607,folbek,follow back
608,folbeknya,follow back nya
609,follback,follow back
610,follbacknya,follow back nya
611,follbc,follow back
612,follo,follow
613,followbak,follow back
614,folo,follow
615,folow,follow
616,folowback,follow back
617,folowbak,follow back
618,folowbcak,follow back
619,football,sepak bola
620,for,untuk
621,forged,lupa
622,forget,lupa
623,forgot,lupa
624,foto2,foto-foto
625,friday,jumat
626,friend,teman
627,frofil,profil
628,from,dari
629,function,fungsi
630,funny,lucu
631,funtion,fungsi
632,funy,lucu
633,g,tidak
634,ga,tidak
635,gaada,tidak ada
636,gaakan,tidak akan
637,gaasik,tidak asik
638,gabakal,tak akan
639,gabareng,tidak bareng
640,gabebas,tidak bebas
641,gabeda,tidak beda
642,gaberani,tidak berani
643,gabilang,tidak bilang
644,gabisa,tidak bisa
645,gabole,tidak boleh
646,gaboleh,tidak boleh
647,gabosen,tidak bosen
648,gabs,tidak bisa
649,gad,tidak ada
650,gada,tidak ada
651,gadaiin,gadaikan
652,Gadapet,tidak dapat
653,gadein,gadaikan
654,gadeket,tidak dekat
655,gadiajak,tidak diajak
656,gadibales,tidak dibalas
657,gae,membuat
658,gaean,pekerjaan
659,gaenak,tidak enak
660,gaene,biasanya
661,gag,tidak
662,gahoel,gaul
663,gahol,gaul
664,gaikut,tidak ikut
665,gaikutaaan,tidak ikutan
666,gaikutan,tidak ikutan
667,gaiso,tidak bisa
668,gajadi,tidak jadi
669,gajalan,tidak jalan
670,gajanji,tidak janji
671,gajauh,tidak jauh
672,Gajd,tidak jadi
673,Gaje,tidak jelas
674,gajelas,tidak jelas
675,gajenguk,tidak menjenguk
676,gak,tidak
677,gakada,tidak ada
678,Gakan,tidak akan
679,gakbilang,tidak bilang
680,gakbisa,tidak bisa
681,gakdeh,tidak deh
682,gakenak,tidak enak
683,gakjadi,tidak jadi
684,gakmau,tidak mau
685,gakpapa,tidak apa-apa
686,gakpenting,tidak penting
687,gakpernah,tidak pernah
688,gaksabar,tidak sabar
689,gaksemua,tidak semua
690,gaksih,tidak sih
691,gaktau,tidak tau
692,gaktuh,tidah tuh
693,gamain,tidak main
694,gamales,tidak malas
695,gamao,tidak mau
696,gamasuk,tidak masuk
697,gamau,tidak mau
698,gamsk,tidak masuk
699,gamuat,tidak muat
700,gamungkin,tidak mungkin
701,gan,juragan
702,gangajak,tidak mengajak
703,Gangerti,tidak mengerti
704,ganguin,gangguin
705,gantiin,gantikan
706,gantinen,ganti saja
707,gaosah,tidak usah
708,gapada,tidak pada
709,gapaham,tidak paham
710,gapake,tidak pakai
711,gapapa,tidak apa-apa
712,gapercaya,tidak percaya
713,gaperlu,tidak perlu
714,gapernah,tidak pernah
715,gapo,tidak apa-apa
716,gaptek,gagap teknologi
717,gapulang,tidak pulang
718,gara2,gara-gara
719,gasabar,tidak sabar
720,gasalah,tidak salah
721,gasanggup,tidak sanggup
722,gasecerah,tidak secerah
723,gasedingin,tidak sedingin
724,gasekeras,tidak sekeras
725,gaseru,tidak seru
726,gasia2,tidak sia-sia
727,gasih,tidak sih
728,gasik,datang lebih awal
729,gasuka,tidak suka
730,gatau,tidak tau
731,gatel,gatal
732,gathel,gatal
733,gatuh,tidak tuh
734,Gausa,tidak usah
735,gausah,tidak usah
736,gaush,tidak usah
737,gawake,bawakan
738,gawakne,bawakan
739,gayalu,gayamu
740,gbawa,tidak bawa
741,gbk,Gelora Bung Karno
742,gblg,tidak bilang
743,gblk,tidak balik
744,gbs,tidak bisa
745,gbsa,tidak bisa
746,gda,tidak ada
747,gebetan,pasangan
748,gebetn,pasangan
749,geblek,bodoh
750,gede,besar
751,gedenya,besarnya
752,gedhe2an,besar-besaran
753,gelem,bersedia
754,gelo,gila
755,gendeng,bodoh
756,gendheng,bodoh
757,gendud,gemuk
758,geto,begitu
759,getoh,begitu
760,gg,tidak
761,gilak,gila
762,gile,gila
763,gimana,bagaimana
764,gimane,bagaimana
765,gimna,bagaimana
766,gini,begini
767,gitu,begitu
768,gituan,begituan
769,gituh,begitu
770,gjd,tidak jadi
771,gjdi,tidak jadi
772,gjls,tidak jelas
773,gjnji,tidak janji
774,gk,tidak
775,gmbr,gambar
776,gmn,bagaimana
777,gmna,bagaimana
778,gmne,bagaimana
779,gnti,ganti
780,goceng,lima ribu
781,godan,godaan
782,good luck,semoga berhasil
783,goodmorning,selamat pagi
784,goro2,gara-gara
785,gpl,tidak pakai lama
786,gpp,tidak-apa-apa
787,gpplah,tidak apa-apalah
788,gr2,gara-gara
789,gra,gara-gara
790,grade,tingkat
791,gt,begitu
792,gtu,begitu
793,gtw,tidak tau
794,gua,saya
795,gue,saya
796,gueh,saya
797,guweh,saya
798,gw,saya
799,gwe,saya
800,gx,tidak
801,gy,sedang
802,hany,hanya
803,hape,hp
804,hapi,senang
805,happy,senang
806,happybday,selamat ulang tahun
807,hareem,perempuan
808,harg,harga
809,hargnya,harganya
810,hargonyo,harganya
811,hasek,asyik
812,hawong,lhawong
813,hbd,selamat ulang tahun
814,hbs,habis
815,hdiah,hadiah
816,hdiahnya,hadiahnya
817,hdirkan,hadirkan
818,hdp,hidup
819,hdpn,hadapan
820,hdup,hidup
821,heng,error
822,hidp,hidup
823,hidpmu,hidupmu
824,hinga,hingga
825,hmpas,hempas
826,hmpir,hampir
827,hntu,hantu
828,hny,hanya
829,hnya,hanya
830,Hoam,ngantuk
831,honest,jujur
832,hr,hari
833,hrapan,harapan
834,hrg,harga
835,hrga,harga
836,hrgnya,harganya
837,hri,hari
838,hrs,harus
839,hrsnya,harusnya
840,hrus,harus
841,hrz,harus
842,hsil,hasil
843,hsl,hasil
844,htelnya,hotelnya
845,htiku,hatiku
846,hub,hubungi
847,hungry,lapar
848,ibdah,ibadah
849,idung,hidung
850,ijin,izin
851,ijo,hijau
852,iki,ini
853,ikt,ikut
854,iktan,ikutan
855,iktn,ikutan
856,ikud,ikut
857,ilang,hilang
858,img,gambar
859,inbox,kotak masuk
860,inceran,incaran
861,include,termasuk
862,indh,indah
863,indo,indonesia
864,info,informasi
865,infonya,informasinya
866,information,informasi
867,informkan,informasikan
868,infox,informasinya
869,inget,ingat
870,inginya,inginnya
871,ingt,ingat
872,ingtn,ingatan
873,inovation,inovasi
874,inpo,informasi
875,inpoh,informasi
876,insaallah,insyaAllah
877,insyaa,insyaAllah
878,insyaaloh,insyaAllah
879,insyah,insyaAllah
880,insyalah,insyaAllah
881,intrnet,internet
882,invit,mengajak
883,invite,mengajak
884,invte,mengajak
885,io,iya
886,ireng,hitam
887,iseh,masih
888,isih,masih
889,isin,malu
890,isine,isinya
891,iso,bisa
892,isteri,istri
893,istrht,istirahat
894,isuk,pagi
895,itung,hitung
896,iy,iya
897,iyadah,iya dah
898,iyadeh,iya dah
899,iyadong,iya dong
900,iyadund,iya dong
901,iyah,iya
902,iyanih,iya nih
903,iyasih,iya sih
904,iyaw,iya
905,iye,iya
906,iyedah,iya dah
907,iyelah,iyalah
908,iyeu,iya
909,iyh,iya
910,iyo,iya
911,iyosih,iya sih
912,iyuh,iya
913,iyuwh,iya
914,j,saja
915,ja,saja
916,jabar,Jawa Barat
917,jadina,jadinya
918,jadinye,jadinya
919,jadul,jaman dulu
920,jadwalnye,jadwalnya
921,jahate,jahatnya
922,jakpus,Jakarta Pusat
923,jakrta,Jakarta
924,jaksel,Jakarta Selatan
925,jaktim,Jakarta Timur
926,jalan2,jalan-jalan
927,jalankn,jalankan
928,jalanya,jalannya
929,jamanna,jamannya
930,jamanny,jamannya
931,jamany,jamannya
932,jamanya,jamannya
933,jamanye,jamannya
934,jangn,jangan
935,japan,jepang
936,jare,kata
937,jaringanx,jaringannya
938,jaringn,jaringan
939,jateng,Jawa Tengah
940,jatoh,jatuh
941,jaz,jazz
942,jd,jadi
943,jdi,jadi
944,jdian,jadian
945,jenenge,namanya
946,jenengi,beri nama
947,jep,jeep
948,jg,juga
949,jga,juga
950,jgja,jogja
951,jgn,jangan
952,jgn2,jangan-jangan
953,jgnkan,jangankan
954,jht,jahat
955,jjur,jujur
956,jk,jika
957,jkrt,Jakarta
958,jkrta,Jakarta
959,jkt,Jakarta
960,jl,jalan
961,jlan2,jalan-jalan
962,jlas,jelas
963,jln,jalan
964,jln2,jalan-jalan
965,jls,jelas
966,jmbatan,jembatan
967,jmbtan,jembatan
968,jmin,jamin
969,jmlh,jumlah
970,jmn,jaman
971,jmpa,jumpa
972,jmpe,jumpa
973,jmpt,jemput
974,jmptnya,jemputnya
975,jo,jangan
976,jobseeker,pencari kerja
977,jri,jari
978,jringan,jaringan
979,jringn,jaringan
980,jrngn,jaringan
981,jtuh,jatuh
982,jua,juga
983,jug,juga
984,jugaj,juga
985,jugak,juga
986,jugo,juga
987,jwb,jawab
988,jwban,jawaban
989,jwbanny,jawabannya
990,jwbannya,jawabannya
991,jwbany,jawabannya
992,kabare,kabarnya
993,kabeh,semua
994,kacian,kasihan
995,kadieu,kesini
996,kaditu,kesitu
997,kaga,tidak
998,kagak,tidak
999,kagk,tidak
1000,kakean,kebanyakan
1001,kale,kali
1002,kalo,kalau
1003,kalu,kalau
1004,kapn,kapan
1005,kapolres,Kepala Kepolisian Resor
1006,karepmu,terserah kamu
1007,karna,karena
1008,karo,sama
1009,kaseep,ganteng
1010,kasi,kasih
1011,kasian,kasihan
1012,kata2,kata-kata
1013,kata2nya,kata-katanya
1014,katane,katanya
1015,katany,katanya
1016,kayak,seperti
1017,kbagusan,kebagusan
1018,kbar,kabar
1019,kbare,kabarnya
1020,kbarin,kabari
1021,kbeh,semua
1022,kbeli,terbeli
1023,kberngktn,keberangkatan
1024,kbhagiaan,kebahagiaan
1025,kbhagian,kebahagiaan
1026,kbr,kabar
1027,kbrin,kabari
1028,kbrnya,kabarnya
1029,kbtulan,kebetulan
1030,kbuka,terbuka
1031,kbun,kebun
1032,kcepatn,kecepatan
1033,kcil,kecil
1034,kcintaan,kecintaan
1035,kcintan,kecintaan
1036,kclakaan,kecelakaan
1037,kclakan,kecelakaan
1038,kcmata,kacamata
1039,kdepannya,kedepannya
1040,kdepanya,kedepannya
1041,kdg,terkadang
1042,kdg2,kadang-kadang
1043,kditu,kesitu
1044,kdlm,kedalam
1045,kdpan,kedepan
1046,kebeli,terbeli
1047,kebengkel,ke bengkel
1048,kebersamanya,kebersamaannya
1049,kebersehan,kebersihan
1050,kebnykn,kebanyakan
1051,kebo,kerbau
1052,kebrngkatan,keberangkatan
1053,kebudayan,kebudayaan
1054,kebulan,ke bulan
1055,kebumi,ke bumi
1056,kebut2an,kebut-kebutan
1057,kebwah,kebawah
1058,kecawa,kecewa
1059,kece,gaul
1060,kecel,capek
1061,kecelakaanya,kecelakaannya
1062,kecelakan,kecelakaan
1063,kecelakanya,kecelakaannya
1064,kecengan,pasangan
1065,kecepean,kecapean
1066,kecepetan,terlalu cepat
1067,kecerian,keceriaan
1068,kecian,kasihan
1069,kecimanggis,ke cimanggis
1070,kecimangis,ke cimanggis
1071,kecipondoh,ke cipondoh
1072,kedaerah,ke daerah
1073,kedatanganya,kedatangannya
1074,kedatengan,kedatangan
1075,kedawan,terlalu panjang
1076,kedeketan,terlalu dekat
1077,kedengeran,kedengaran
1078,kedpn,kedepan
1079,kedpnnya,kedepannya
1080,kedpnya,kedepannya
1081,kedtngan,kedatangan
1082,kedufan,ke dufan
1083,keenaken,keenakan
1084,kegedean,terlalu besar
1085,kegeden,terlalu besar
1086,kegembiran,kegembiraan
1087,kehadiranny,kehadirannya
1088,kehulu,ke hulu
1089,kehutan,ke hutan
1090,keidahan,keindahan
1091,keiklasan,keikhlasan
1092,keilangan,kehilangan
1093,keinget,teringat
1094,keinginanya,keinginannya
1095,keistimewan,keistimewaan
1096,keitung,terhitung
1097,kejadia,kejadian
1098,kejakarta,ke Jakarta
1099,kejar2an,kejar-kejaran
1100,kejauan,kejauhan
1101,kejayan,kejayaan
1102,kejepit,terjepit
1103,kejual,terjual
1104,kejuaran,kejuaraan
1105,kek,seperti
1106,kekalemanya,kekalemannya
1107,kekamar,ke kamar
1108,kekampus,ke kampus
1109,kekandang,ke kandang
1110,kekasur,ke kasur
1111,kekecewan,kekecewaan
1112,kekemayoran,ke kemayoran
1113,kekmana,bagaimana
1114,keknya,kayaknya
1115,kekontrakan,ke kontrakan
1116,kekos,ke kos
1117,kekosanku,ke kosanku
1118,kekota,ke kota
1119,kekuasan,kekuasaan
1120,kekumpul,terkumpul
1121,kekunci,terkunci
1122,kekuranganya,kekurangannya
1123,kekuras,terkuras
1124,kelakon,terlaksana
1125,kelaperan,kelaparan
1126,kelaut,ke laut
1127,keleta,kereta
1128,keliatan,kelihatan
1129,keliatannya,kelihatannya
1130,keliatanya,kelihatannya
1131,kelihatanya,kelihatannya
1132,kelindas,terlindas
1133,kelindes,terlindas
1134,kelja,kerja
1135,kelokasi,ke lokasi
1136,keluarin,keluarkan
1137,kemana2,kemana-mana
1138,kemarahanya,kemarahannya
1139,kembaranya,kembarannya
1140,kembgnkan,kembangkan
1141,kemendiknas,Kementerian Pendidikan Nasional
1142,kemenkes,Kementerian Kesehatan
1143,kemenkeu,Kementerian Keuangan
1144,kemenkominfo,Kementerian Komunikasi dan Informatika
1145,kemenkumham,Kementerian Hukum dan Hak Asasi Manusia
1146,kemenong,kemana
1147,kemenpera,Kementerian Perumahan Rakyat
1148,kemenperin,Kementerian Perindustrian
1149,kementrian,Kementerian
1150,kemerdekan,kemerdekaan
1151,kemis,kamis
1152,kemonas,ke monas
1153,kemrin,kemarin
1154,kemulyaan,kemuliaan
1155,kemulyan,kemuliaan
1156,kemusium,ke museum
1157,kenalin,kenalkan
1158,kenang2an,kenang-kenangan
1159,kenang2ngan,kenang-kenangan
1160,kenanganya,kenangannya
1161,kenapah,kenapa
1162,kenapasi,kenapa ya
1163,kenape,kenapa
1164,kenceng,cepat
1165,kendaran,kendaraan
1166,kendaranya,kendaraannya
1167,kenderaan,kendaraan
1168,keno,kena
1169,kenp,kenapa
1170,kenpa,kenapa
1171,kenyatan,kenyataan
1172,kenyatanya,kenyataannya
1173,kepake,terpakai
1174,kepalanye,kepalanya
1175,kepangang,terpanggang
1176,kepanggang,terpanggang
1177,kepantai,ke pantai
1178,kepantainya,ke pantainya
1179,keparis,ke paris
1180,kepasar,ke pasar
1181,kepastianya,kepastiannya
1182,kepencar,terpencar
1183,kepencet,terpencet
1184,kepengen,ingin
1185,kepengenya,keinginannya
1186,kepengin,ingin
1187,kepercayan,kepercayaan
1188,kepercayanya,kepercayaannya
1189,kepilih,terpilih
1190,kepincut,terpincut
1191,kepinteran,kepintaran
1192,keponakanya,keponakannya
1193,kepotong,terpotong
1194,keprcayaan,kepercayaan
1195,keprcayan,kepercayaan
1196,kepribadianya,kepribadiannya
1197,kepsek,kepala sekolah
1198,kepulau,ke pulau
1199,kepuncak,ke puncak
1200,keputar,terputar
1201,keputusanya,keputusannya
1202,keragunan,ke ragunan
1203,kerajan,kerajaan
1204,keras2,keras-keras
1205,kerasa,terasa
1206,kerdus,kardus
1207,kere,miskin
1208,kering2,kering-kering
1209,keringet,keringat
1210,kerj,kerja
1211,kerjain,kerjakan
1212,kerjan,pekerjaan
1213,kerumah,ke rumah
1214,kesabaranya,kesabarannya
1215,kesalahane,kesalahannya
1216,kesalon,ke salon
1217,kesampean,kesampaian
1218,kesampeng,ke samping
1219,kesane,kesannya
1220,kesangkut,tersangkut
1221,kesanya,kesannya
1222,kesasar,tersasar
1223,kesawah,ke sawah
1224,kesayanganya,kesayangannya
1225,kesederhanan,kesederhanaan
1226,kesedian,kesediaan
1227,kesedianya,kesediaannya
1228,kesekolah,ke sekolah
1229,keselip,terselip
1230,kesetian,kesetiaan
1231,kesetianmu,kesetiaanmu
1232,kesetianya,kesetiaannya
1233,kesian,kasihan
1234,kesklh,ke sekolah
1235,kesmpean,kesampaian
1236,kesna,kesana
1237,kesni,kesini
1238,kesno,kesana
1239,kesodara,ke saudara
1240,kesokalh,ke sekolah
1241,kesono,kesana
1242,kesukan,kesukaan
1243,ket,keterangan
1244,ketabrak,tertabrak
1245,ketagih,tertagih
1246,ketarik,tertarik
1247,ketawa,tertawa
1248,ketawa2,ketawa-tawa
1249,ketentuanya,ketentuannya
1250,keterpurulanya,keterpurukannya
1251,ketiban,tertimpa
1252,ketidaknyamananya,ketidaknyamanannya
1253,ketidung,ke tidung
1254,ketike,ketika
1255,ketimpa,tertimpa
1256,ketingalan,ketinggalan
1257,ketok,terlihat
1258,ketoke,sepertinya
1259,ketrangan,keterangan
1260,ketrngan,keterangan
1261,ketuan,ketuaan
1262,ketuker,ketukar
1263,ketutup,tertutup
1264,keungulan,keunggulan
1265,keungulanya,keunggulannya
1266,kewarganegaran,kewarganegaraan
1267,kewarnet,ke warung internet
1268,keyword,kata kunci
1269,kga,tidak
1270,kgak,tidak
1271,kgk,tidak
1272,kgn,kangen
1273,khayalany,khayalannya
1274,khilap,khilaf
1275,khs,khas
1276,kie,ini
1277,kira2,kira-kira
1278,kiyai,kyai
1279,kjadian,kejadian
1280,kjauhan,kejauhan
1281,kjauhn,kejauhan
1282,klah,kalah
1283,klaksonya,klaksonnya
1284,klangan,kalangan
1285,klapa,kelapa
1286,klebihan,kelebihan
1287,klekson,klakson
1288,klh,kalah
1289,kliahatan,kelihatan
1290,klian,kalian
1291,kliatan,kelihatan
1292,kliatanya,kelihatannya
1293,kliatn,kelihatan
1294,klien2,klien-klien
1295,kliling,keliling
1296,klima,kelima
1297,klmpok,kelompok
1298,klo,kalau
1299,klow,kalau
1300,klrg,keluarga
1301,kls,kelas
1302,klu,kalau
1303,kluar,keluar
1304,kluaran,keluaran
1305,kluarga,keluarga
1306,kluargo,keluarga
1307,kluarin,keluarkan
1308,kluarkan,keluarkan
1309,klulusan,kelulusan
1310,klw,kalau
1311,klytn,kelihatan
1312,klz,kelas
1313,km,kamu
1314,kmaha,bagaimana
1315,kmaleman,kemalaman
1316,kmana,kemana
1317,kmane,kemana
1318,kmar,kamar
1319,kmaren,kemarin
1320,kmari,kemari
1321,kmarin,kemarin
1322,kmbali,kembali
1323,kmbaranya,kembarannya
1324,kmbl,kembali
1325,kmbli,kembali
1326,kmbuh,kambuh
1327,kmi,kami
1328,kmis,kamis
1329,kmn,kemana
1330,kmna,kemana
1331,kmna2,kemana-mana
1332,kmonas,ke monas
1333,kmpl,kumpul
1334,kmplin,kumpulkan
1335,kmpnye,kampanye
1336,kmpul,kumpul
1337,kmpung,kampung
1338,kmpus,kampus
1339,kmr,kamar
1340,kmren,kemarin
1341,kmri,kemari
1342,kmrin,kemarin
1343,kmrmandi,kamar mandi
1344,kmrn,kemarin
1345,kms,kamis
1346,kmu,kamu
1347,kmunya,kamunya
1348,kn,kan
1349,kna,kena
1350,knal,kenal
1351,knan,kanan
1352,knapa,kenapa
1353,knape,kenapa
1354,knci,kunci
1355,kndala,kendala
1356,kndaraan,kendaraan
1357,kndaran,kendaraan
1358,kndisi,kondisi
1359,kndla,kendala
1360,knfrmsi,konfirmasi
1361,kngen,kangen
1362,knggo,untuk
1363,kngn,kangen
1364,kngo,untuk
1365,kni,kini
1366,knjungi,kunjungi
1367,knl,kenal
1368,knp,kenapa
1369,knp2,kenapa-kenapa
1370,knpa,kenapa
1371,knpah,kenapa
1372,kntor,kantor
1373,kntr,kantor
1374,knyataan,kenyataan
1375,knyatan,kenyataan
1376,knytaanya,kenyataannya
1377,knytanya,kenyataannya
1378,kominfo,Komunikasi dan Informatika
1379,komnas,komisi nasional
1380,komplk,komplek
1381,konsumenya,konsumennya
1382,kontrakanya,kontrakannya
1383,koordinasikn,koordinasikan
1384,kordinasi,koordinasi
1385,kordinasikn,koordinasikan
1386,kordinat,koordinat
1387,kosanya,kosannya
1388,kosongin,kosongkan
1389,kost,kos
1390,kotabgr,kota bogor
1391,kowe,kamu
1392,koyo,seperti
1393,kpada,kepada
1394,kpala,kepala
1395,kpalaku,kepalaku
1396,kpan,kapan
1397,kpantai,ke pantai
1398,kpd,kepada
1399,kpengen,ingin
1400,kpercyaan,kepercayaan
1401,kpercyan,kepercayaan
1402,kpleset,terpleset
1403,kpn,kapan
1404,kpn2,kapan-kapan
1405,kpotong,terpotong
1406,kprluan,keperluan
1407,kputusan,keputusan
1408,kq,kok
1409,kra2,kira-kira
1410,krajinan,kerajinan
1411,kranjang,keranjang
1412,kreatifitas,kreativitas
1413,kreatip,kreatif
1414,kren,keren
1415,kreta,kereta
1416,krg,kurang
1417,krj,kerja
1418,krja,kerja
1419,krjo,kerja
1420,krm,kirim
1421,krmh,kerumah
1422,krn,karena
1423,krna,karena
1424,kro,sama
1425,krt,kartu
1426,krtik,kritik
1427,krtu,kartu
1428,krtunya,kartunya
1429,krudung,kerudung
1430,ksampean,kesampaian
1431,ksana,kesana
1432,ksedot,tersedot
1433,ksel,kesal
1434,ksetrum,tersetrum
1435,ksh,kasih
1436,ksian,kasihan
1437,ksiang,kesiangan
1438,ksiangan,kesiangan
1439,ksianny,kasihannya
1440,ksiannya,kasihannya
1441,ksiany,kasihannya
1442,ksianya,kasihannya
1443,ksih,kasih
1444,ksihan,kasihan
1445,ksini,kesini
1446,ksitu,kesitu
1447,kskolah,ke sekolah
1448,ksn,kesana
1449,ksna,kesana
1450,ksni,kesini
1451,ksno,kesana
1452,ksono,kesana
1453,kstu,kesitu
1454,ksukaan,kesukaan
1455,ksukan,kesukaan
1456,kt,kita
1457,kta,kata
1458,ktany,katanya
1459,ktanya,katanya
1460,ktawa2,ketawa-tawa
1461,ktemu,ketemu
1462,ktika,ketika
1463,ktimbang,daripada
1464,ktingalan,ketinggalan
1465,ktinggalan,ketinggalan
1466,ktinggian,ketinggian
1467,ktingian,ketinggian
1468,ktk,ketika
1469,ktka,ketika
1470,ktm,ketemu
1471,ktmpt,ketempat
1472,ktmu,ketemu
1473,ktmuan,ketemuan
1474,ktng,ketinggalan
1475,ktny,katanya
1476,ktnya,katanya
1477,ktor,kotor
1478,ktusuk,tertusuk
1479,kuangen,kangen
1480,kubawain,kubawakan
1481,kumaha,bagaimana
1482,kumplit,komplit
1483,kumpul2,kumpul-kumpul
1484,kumpulin,kumpulkan
1485,kunaon,kenapa
1486,kunjunganya,kunjungannya
1487,kunjungin,kunjungi
1488,kupayakan,kuupayakan
1489,kuper,kurang pergaulan
1490,kura2,kura-kura
1491,kurangin,kurangi
1492,kw,kau
1493,ky,seperti
1494,kya,seperti
1495,kyak,seperti
1496,kyaknya,sepertinya
1497,kyakx,sepertinya
1498,kyamanan,kenyamanan
1499,kyanya,sepertinya
1500,kyk,seperti
1501,kyke,sepertinya
1502,kyknya,sepertinya
1503,kykx,sepertinya
1504,kyky,sepertinya
1505,kyny,sepertinya
1506,kynya,sepertinya
1507,laba2,laba-laba
1508,laen,lain
1509,lainny,lainnya
1510,lainx,lainnya
1511,lainy,lainnya
1512,lainya,lainnya
1513,laki2,laki-laki
1514,lamo,lama
1515,lancar2,lancar-lancar
1516,lanjt,lanjut
1517,lansia,lanjut usia
1518,lapanganya,lapangannya
1519,laper,lapar
1520,laporanya,laporannya
1521,laporin,laporkan
1522,lathan,latihan
1523,latian,latihan
1524,latiannya,latihannya
1525,latianya,latihannya
1526,latihanya,latihannya
1527,lau,kau
1528,lautnye,lautnya
1529,lawanya,lawannya
1530,lawanye,lawannya
1531,lbang,lubang
1532,lbh,lebih
1533,lbih,lebih
1534,lbr,libur
1535,lbran,liburan
1536,lbrn,liburan
1537,lbur,libur
1538,lburan,liburan
1539,ldr,hubungan jarak jauh
1540,lengkapin,lengkapi
1541,lepasin,lepaskan
1542,letkol,letnan kolonel
1543,lg,lagi
1544,lgi,lagi
1545,lgsg,langsung
1546,lgsng,langsung
1547,lgsung,langsung
1548,lgu,lagu
1549,lgy,lagi
1550,lht,lihat
1551,liad,lihat
1552,liat,lihat
1553,liat2,lihat-lihat
1554,liatany,kelihatannya
1555,liatin,lihatin
1556,liatny,lihatnya
1557,liatnya,lihatnya
1558,liatnye,lihatnya
1559,liburin,liburkan
1560,lifestyle,gaya hidup
1561,link,tautan
1562,lipet,lipat
1563,lipi,Lembaga Ilmu Pengetahuan Indonesia
1564,lipstick,lipstik
1565,list,daftar
1566,living,tinggal
1567,lju,laju
1568,lkukn,lakukan
1569,lma,lama
1570,lma2,lama-lama
1571,lmak,lemak
1572,lmbr,lembar
1573,lmbt,lambat
1574,lmpu,lampu
1575,lmyan,lumayan
1576,lmyn,lumayan
1577,lncr,lancar
1578,lnganan,langganan
1579,lngganan,langganan
1580,lngkap,lengkap
1581,lngkp,lengkap
1582,lngsg,langsung
1583,lngsng,langsung
1584,lngsung,langsung
1585,lnjt,lanjut
1586,lnjut,lanjut
1587,lnjutnya,lanjutnya
1588,lntai,lantai
1589,lo,kamu
1590,local,lokal
1591,location,lokasi
1592,loe,kamu
1593,lokasiny,lokasinya
1594,lol,tertawa
1595,lom,belum
1596,loncat2,loncat-loncat
1597,longdistance,jarak jauh
1598,longweekend,liburan panjang akhir pekan
1599,longwekend,liburan panjang akhir pekan
1600,longwiken,liburan panjang akhir pekan
1601,looser,pecundang
1602,lowbet,baterai lemah
1603,lp,lupa
1604,lpa,lupa
1605,lpangan,lapangan
1606,lpas,lepas
1607,lt,lantai
1608,lu,kamu
1609,luh,kamu
1610,luhkan,kamu kan
1611,luka2,luka-luka
1612,lupain,lupakan
1613,lupe,lupa
1614,lw,kamu
1615,lwat,lewat
1616,lwn,lawan
1617,lwt,lewat
1618,lyt,lihat
1619,m0nas,monas
1620,m4ndiri,mandiri
1621,ma,sama
1622,ma2h,mamah
1623,ma2mu,mamahmu
1624,maav,maaf
1625,mabelasribu,lima belas ribu
1626,macacih,terimakasih
1627,macam2,macam-macam
1628,macem2,macam-macam
1629,macetnyo,macetnya
1630,maen,main
1631,maenan,mainan
1632,maenannya,mainannya
1633,maenannye,mainannya
1634,maenanya,mainannya
1635,maenanye,mainannya
1636,maenin,mainkan
1637,maenya,mainnya
1638,maf,maaf
1639,mafin,maafkan
1640,mafkan,maafkan
1641,mahal2,mahal-mahal
1642,main2,main-main
1643,mainy,mainnya
1644,mainya,mainnya
1645,makaci,terimakasih
1646,makai,memakai
1647,makanye,makanya
1648,makaseh,terimakasih
1649,makasih,terimakasih
1650,makasiy,terimakasih
1651,make,memakai
1652,makin2,makin-makin
1653,maksih,terimakasih
1654,maksude,maksudnya
1655,maksudnye,maksudnya
1656,maksudx,maksudnya
1657,maksut,maksud
1658,maksutnya,maksudnya
1659,mal,mall
1660,malam2,malam-malam
1661,maleh,lagi
1662,malem,malam
1663,males,malas
1664,malming,malam minggu
1665,malu2in,malu-maluin
1666,mamany,mamahnya
1667,mananye,mananya
1668,mane,mana
1669,mane2,mana-mana
1670,maneh,lagi
1671,manfaatin,manfaatkan
1672,manfat,manfaat
1673,manfatin,manfaatkan
1674,manfatkan,manfaatkan
1675,mangaku,mengaku
1676,mangane,makannya
1677,manggil2,manggil-manggil
1678,manggl,manggil
1679,mangil,manggil
1680,mangil2,manggil-manggil
1681,mangis,manggis
1682,mangkane,makanya
1683,mangkanya,makanya
1684,mangkanye,makanya
1685,mangku,memangku
1686,mangl,manggil
1687,mangnya,memangnya
1688,mangung,manggung
1689,mangungnya,manggungnya
1690,maning,lagi
1691,manis2,manis-manis
1692,manjain,manjakan
1693,mantab,mantap
1694,mantabh,mantap
1695,mantabp,mantap
1696,mantabs,mantap
1697,mantaf,mantap
1698,mantaps,mantap
1699,mantapz,mantap
1700,manteb,mantap
1701,mantebp,mantap
1702,mantemand,teman-teman
1703,mantep,mantap
1704,manteub,mantap
1705,manthap,mantap
1706,manusia2,manusia-manusia
1707,manut,ngikut
1708,manutd,ngikut
1709,mao,mau
1710,maonya,maunya
1711,map,maaf
1712,map2,maaf-maaf
1713,mapin,maafkan
1714,marah2,marah-marah
1715,marang,kepada
1716,maren,kemarin
1717,married,menikah
1718,masal,massal
1719,masalahny,masalahnya
1720,masalh,masalah
1721,masama,sama-sama
1722,masang,memasang
1723,mash,masih
1724,masi,masih
1725,masing2,masing-masing
1726,masjed,masjid
1727,mastiin,memastikan
1728,mastikn,memastikan
1729,mastin,memastikan
1730,masya,masyaAllah
1731,MasyaAlah,masyaAllah
1732,masyalah,masyaAllah
1733,mateng,matang
1734,matiin,matikan
1735,matikn,matikan
1736,matin,matikan
1737,maunye,maunya
1738,max,maksimal
1739,maximum,maksimal
1740,maybe,mungkin
1741,mb,mbak
1742,mba,mbak
1743,mbake,mbaknya
1744,mbaku,mbakku
1745,mbalek,balik
1746,mbalekno,kembalikan
1747,mbalik,balik
1748,mbanya,mbaknya
1749,mbaq,mbak
1750,mbek,sama
1751,mbiyen,dahulu
1752,mbk,mbak
1753,mboten,tidak
1754,mbrikan,memberikan
1755,mbuat,membuat
1756,mbwa,membawa
1757,mcam,macam
1758,mcetnya,macetnya
1759,mcm,macam
1760,mcm2,macam-macam
1761,mdg,mending
1762,mdh,mudah
1763,mdh2an,mudah-mudahan
1764,mdh2n,mudah-mudahan
1765,mdingan,mendingan
1766,mekah,mekkah
1767,melakukanya,melakukannya
1768,melangar,melanggar
1769,melu,ikut
1770,memasukan,memasukkan
1771,membalikan,membalikkan
1772,membiarkanya,membiarkannya
1773,membutuhkn,membutuhkan
1774,memgumpulkan,mengumpulkan
1775,memikirkanya,memikirkannya
1776,memperingatai,memperingati
1777,mempermslhin,mempermasalahkan
1778,mempertangungjawabkanya,mempertanggungjawabkannya
1779,memprduksi,memproduksi
1780,mempromosika,mempromosikan
1781,menaklukan,menaklukkan
1782,menakotkan,menakutkan
1783,menangapi,menanggapi
1784,menangungnya,menanggungnya
1785,mendonlot,mengunduh
1786,mendownload,mengunduh
1787,mendpat,mendapat
1788,mendptkan,mendapatkan
1789,meneng,diam
1790,mengabulkanya,mengabulkannya
1791,mengagalkan,menggagalkan
1792,mengalahkn,mengalahkan
1793,mengambar,menggambar
1794,mengambarkan,menggambarkan
1795,mengandeng,menggandeng
1796,mengangap,menganggap
1797,mengangu,mengganggu
1798,menganguk,mengangguk
1799,menganti,mengganti
1800,mengantung,menggantung
1801,mengasikan,mengasyikkan
1802,mengasyikan,mengasyikkan
1803,mengatakn,mengatakan
1804,mengelar,menggelar
1805,mengeliat,menggeliat
1806,mengelinding,menggelinding
1807,mengelitik,menggelitik
1808,mengembirakan,menggembirakan
1809,mengen2in,membuat kepingin
1810,mengeringkanya,mengeringkannya
1811,menggunakn,menggunakan
1812,menggunkan,menggunakan
1813,menggunkn,menggunakan
1814,mengirimkn,mengirimkan
1815,mengktfka,mengaktifkan
1816,mengoda,menggoda
1817,mengugah,menggugah
1818,mengunakan,menggunakan
1819,mengunakn,menggunakan
1820,menguncang,mengguncang
1821,mengunkan,menggunakan
1822,mengunkn,menggunakan
1823,menheningkan,mengheningkan
1824,menhub,menteri perhubungan
1825,meningal,meninggal
1826,meningalkan,meninggalkan
1827,meningalnya,meninggalnya
1828,menungang,menunggang
1829,menungu,menunggu
1830,menungumu,menunggumu
1831,menunjukan,menunjukkan
1832,menyengol,menyenggol
1833,merayakanya,merayakannya
1834,merit,menikah
1835,mesinya,mesinnya
1836,mesjid,masjid
1837,met,selamat
1838,mewah2,mewah-mewah
1839,meweg,mau nangis
1840,mewek,mau nangis
1841,mgalami,mengalami
1842,mggelar,menggelar
1843,mggu,minggu
1844,mghntarkan,menghantarkan
1845,mgkin,mungkin
1846,mgkn,mungkin
1847,mgkt,berangkat
1848,mgok,mogok
1849,mhn,mohon
1850,mhon,mohon
1851,mhsiswamu,mahasiswamu
1852,mi apah,demi apa
1853,miapa,demi apa
1854,miapah,demi apa
1855,miapeh,demi apa
1856,mikir,berfikir
1857,mikir2,berfikir-fikir
1858,mikiran,suka berfikir
1859,mikiri,memikirkan
1860,mikirin,memikirkan
1861,mikirkeun,memikirkan
1862,mikirny,berfikirnya
1863,mikirnya,berfikirnya
1864,milikny,miliknya
1865,miliku,milikku
1866,mingir,minggir
1867,mingu,minggu
1868,mingu2,minggu-minggu
1869,minguan,mingguan
1870,mingunya,minggunya
1871,mingux,minggunya
1872,mint,minta
1873,mintain,mintakan
1874,misalny,misalnya
1875,mjd,menjadi
1876,mka,maka
1877,mkan,makan
1878,mkanya,makanya
1879,mkasih,terimakasih
1880,mkmur,makmur
1881,mkn,makan
1882,mknan,makanan
1883,mknya,makanya
1884,mks,terimakasih
1885,mksd,maksud
1886,mksdnya,maksudnya
1887,mksh,terimakasih
1888,mksi,terimakasih
1889,mksih,terimakasih
1890,mksimal,maksimal
1891,mksod,maksud
1892,mksud,maksud
1893,mksudny,maksudnya
1894,mksudnya,maksudnya
1895,mlah,malah
1896,mlai,mulai
1897,mlaku,jalan
1898,mlaku2,jalan-jalan
1899,mlakukan,melakukan
1900,mlakune,jalannya
1901,mlam,malam
1902,mlaz,malas
1903,mlebu,masuk
1904,mledug,meledak
1905,mleduk,meledak
1906,mlem,malam
1907,mlepas,melepas
1908,mles,malas
1909,mlggr,melanggar
1910,mlgr,melanggar]
1911,mlh,malah
1912,mlihat,melihat
1913,mlintas,melintas
1914,mlkukan,melakukan
1915,mlm,malam
1916,mlm2,malam-malam
1917,mlmnya,malamnya
1918,mls,malas
1919,mlulu,melulu
1920,mmbahana,membahana
1921,mmbawaku,membawaku
1922,mmbedakan,membedakan
1923,mmbeli,membeli
1924,mmbhyakn,membahayakan
1925,mmbrikan,memberikan
1926,mmbuat,membuat
1927,mmbutuhkan,membutuhkan
1928,mmg,memang
1929,mmiliki,memiliki
1930,mmperkuat,memperkuat
1931,mmperpanjang,memperpanjang
1932,mmpi,mimpi
1933,mmpr,mampir
1934,mmprlihatkn,memperlihatkan
1935,mmprsiapkn,mempersiapkan
1936,mmpu,mampu
1937,mmpus,mampus
1938,mn,mana
1939,mna,mana
1940,mnang,menang
1941,mnangkan,menangkan
1942,mnara,menara
1943,mnarik,menarik
1944,mncapai,mencapai
1945,mncari,mencari
1946,mncri,mencari
1947,mndadak,mendadak
1948,mndapatkn,mendapatkan
1949,mndat,mandat
1950,mnding,mending
1951,mndingan,mendingan
1952,mndok,mondok
1953,mndonkrak,mendongkrak
1954,mndptkan,mendapatkan
1955,mndukung,mendukung
1956,mndukungnya,mendukungnya
1957,mndung,mendung
1958,mne,mana
1959,mnfaat,manfaat
1960,mngalami,mengalami
1961,mngalir,mengalir
1962,mngeluarkan,mengeluarkan
1963,mngenang,mengenang
1964,mngendarai,mengendarai
1965,mngerti,mengerti
1966,mnggl,manggil
1967,mnggu,minggu
1968,mngguan,mingguan
1969,mnggunakan,menggunakan
1970,mnggunkn,menggunakan
1971,mnghadap,menghadap
1972,mnghamili,menghamili
1973,mngharap,mengharap
1974,mngheningkan,mengheningkan
1975,mngis,manggis
1976,mngkel,kesal
1977,mngkin,mungkin
1978,mngkn,mungkin
1979,mngkne,makanya
1980,mngkonyo,makanya
1981,mngnai,mengenai
1982,mngsudnye,maksudnya
1983,mngu,minggu
1984,mnguan,mingguan
1985,mngunakan,menggunakan
1986,mngunkn,menggunakan
1987,mnikah,menikah
1988,mnikmti,menikmati
1989,mnis,manis
1990,mnitikberatkan,menitikberatkan
1991,mnjadi,menjadi
1992,mnjd,menjadi
1993,mnjdi,menjadi
1994,mnjem,meminjam
1995,mnjunjung,menjunjung
1996,mnjwab,menjawab
1997,mnnti,menanti
1998,mnrt,menurut
1999,mnt,minta
2000,mnta,minta
2001,mntain,mintakan
2002,mntannya,mantannya
2003,mntanya,mantannya
2004,mntap,mantap
2005,mnti,menanti
2006,mnual,manual
2007,mnuggu,menunggu
2008,mnugu,menunggu
2009,mnuju,menuju
2010,mnum,minum
2011,mnungGu,menunggu
2012,mnungu,menunggu
2013,mnunjukan,menunjukkan
2014,mnunjukkan,menunjukkan
2015,mnurut,menurut
2016,mnurutmu,menurutmu
2017,mnusia,manusia
2018,mnyamar,menyamar
2019,mnyusul,menyusul
2020,mo,mau
2021,modifan,hasil modifikasi
2022,modification,modifikasi
2023,modified,dimodifikasi
2024,modifikasiin,modifikasikan
2025,modifikasin,modifikasikan
2026,moh,tidak mau
2027,momendnya,momennya
2028,moment,momen
2029,moments,momen
2030,momenya,momennya
2031,monasny,monasnya
2032,monday,senin
2033,Mondays,senin
2034,money,uang
2035,monkey,monyet
2036,month,bulan
2037,monyetna,monyetnya
2038,morning,pagi
2039,mornings,pagi
2040,moro,datang
2041,moro2,datang-datang
2042,morosotkeun,memerosotkan
2043,mother,ibu
2044,motoin,mengambil foto
2045,motone,cara mengambil fotonya
2046,motor2,motor-motor
2047,motr,motor
2048,mpe,sampai
2049,mpek,sampai
2050,mpempek,pempek
2051,mperkuat,memperkuat
2052,mperpanjang,memperpanjang
2053,mpun,sudah
2054,mpunya,punya
2055,mrah,marah
2056,mrah2,marah-marah
2057,mrantau,merantau
2058,mrasa,merasa
2059,mrasakany,merasakannya
2060,mrek,mereka
2061,mreka,mereka
2062,mrh,marah
2063,mrhn,marahan
2064,mri,mari
2065,mridnya,muridnya
2066,mriki,kesini
2067,mrinding,merinding
2068,mrip,mirip
2069,mrk,mereka
2070,mrka,mereka
2071,mrono,kesana
2072,mrp,merupakan
2073,mrpti,merpati
2074,mrupakn,merupakan
2075,msak,masak
2076,msalah,masalah
2077,msg,masing
2078,msg2,masing-masing
2079,msh,masih
2080,msih,masih
2081,msing2,masing-masing
2082,msjid,masjid
2083,mski,meski
2084,mskipun,meskipun
2085,mslah,masalah
2086,mslahnya,masalahnya
2087,mslh,masalah
2088,mslhnye,masalahnya
2089,msng,masing
2090,msog,masak
2091,msohan,musuhan
2092,msok,masak
2093,mst,mesti
2094,msti,mesti
2095,msuk,masuk
2096,msukin,masukkan
2097,msuknya,masuknya
2098,mtor,motor
2099,mtor2,motor-motor
2100,mtore,motornya
2101,mtornya,motornya
2102,mtr,motor
2103,mudah2an,mudah-mudahan
2104,mugi,semoga
2105,mugi2,moga-moga
2106,mukax,mukanya
2107,mulay,mulai
2108,muluk2,berlebihan
2109,mumpng,mumpung
2110,mungah,naik
2111,music,musik
2112,musim2,musim-musim
2113,musium,museum
2114,mustinya,mestinya
2115,muter,berputar
2116,muter2,berputar-putar
2117,mw,mau
2118,mwah,mewah
2119,myname,namaku
2120,mz,mas
2121,nabrak,menabrak
2122,naek,naik
2123,nais,nice
2124,naitu,nah itu
2125,nama2,nama-nama
2126,namany,namanya
2127,namanye,namanya
2128,nambah,bertambah
2129,nambah2,nambah-nambah
2130,name,nama
2131,named,dinamai
2132,names,nama
2133,nanganin,menangani
2134,nanges,nangis
2135,nanya,bertanya
2136,nanyain,menanyakan
2137,naon,apa
2138,napa,kenapa
2139,napah,kenapa
2140,nape,kenapa
2141,narcis,narsis
2142,nari,menari
2143,naro,naruh
2144,nasgor,nasi goreng
2145,nasgornya,nasi gorengnya
2146,navigation,navigasi
2147,ndadak,mendadak
2148,ndak,tidak
2149,ndakpapa,tidak apa-apa
2150,ndang,buruan
2151,ndek,sejak
2152,ndelik,bersembunyi
2153,ndelok,melihat
2154,ndengkur,mendengkur
2155,ndi,mana
2156,ndk,tidak
2157,ndodok,jongkok
2158,nduwe,punya
2159,nebelin,menebalkan
2160,need,butuh
2161,needed,dibutuhkan
2162,needs,kebutuhan
2163,negative,negatif
2164,negra,negara
2165,negri,negeri
2166,neh,nih
2167,nelepon,menelpon
2168,nelfon,menelpon
2169,nelor,bertelur
2170,nelp,menelpon
2171,nelpon,menelpon
2172,nelv,menelpon
2173,nelvon,menelpon
2174,nemanin,menemani
2175,nembak,menembak
2176,nembaknya,menembaknya
2177,nembaknye,menembaknya
2178,nembus,menembus
2179,nemen,banget
2180,nemenin,menemani
2181,nemu,menemukan
2182,nemuin,menemui
2183,nemuinnya,menemuinya
2184,nemuinya,menemuinya
2185,nemunya,menemukannya
2186,nenangin,menenangkan
2187,nendang,menendang
2188,nenek2,nenek-nenek
2189,nengheningkan,mengheningkan
2190,nengkene,disini
2191,nengkono,disana
2192,nengok,menengok
2193,nengokin,menengoki
2194,nenteng,membawa
2195,nenteng2,membawa
2196,nepatin,menepati
2197,nerusin,meneruskan
2198,netter,pengguna internet
2199,network,jaringan
2200,never,tidak pernah
2201,nevermind,tidak usah dipikirkan
2202,news,berita
2203,ngabadiin,mengabadikan
2204,ngabadin,mengabadikan
2205,ngabarin,mengabari
2206,ngabisin,menghabiskan
2207,ngabohong,berbohong
2208,ngabolang,berpetualang
2209,ngaca,berkaca
2210,ngacir,kabur
2211,ngadain,mengadakan
2212,ngadem,berteduh
2213,ngademin,meneduhkan
2214,ngadep,menghadap
2215,ngadirin,menghadiri
2216,ngadu,mengadu
2217,ngagetin,mengagetkan
2218,ngajak2,ngajak-ngajak
2219,ngajakgue,mengajak saya
2220,ngajakinya,mengajaknya
2221,ngajari,mengajari
2222,ngajarin,mengajari
2223,ngak,tidak
2224,ngakak,tertawa
2225,ngakuin,mengakui
2226,ngalah,mengalah
2227,ngalahin,mengalahkan
2228,ngalihin,mengalihkan
2229,ngalir,mengalir
2230,ngambang,mengambang
2231,ngambil,mengambil
2232,ngambilin,mengambilkan
2233,ngambilnya,mengambilnya
2234,ngampus,pergi ke kampus
2235,ngamuk2,mengamuk-ngamuk
2236,ngancani,menemani
2237,ngancurin,menghancurkan
2238,ngandeng,menggandeng
2239,ngangap,menganggap
2240,ngangenin,membuat kangen
2241,ngangge,menggunakan
2242,nganggo,menggunakan
2243,ngangguk,mengangguk
2244,ngangur,menganggur
2245,nganjel,mengganjal
2246,nganter,mengantar
2247,nganterin,mengantarkan
2248,nganti,sampai
2249,ngantongi,mengantongi
2250,ngantongin,mengantongi
2251,ngantor,pergi ke kantor
2252,ngantre,mengantri
2253,ngantri,mengantri
2254,ngantrinya,mengantrinya
2255,ngantuks,mengantuk
2256,ngapa2in,ngapa-ngapain
2257,ngapal,menghafal
2258,ngapalin,menghafalkan
2259,ngape,ngapain
2260,ngapo,ngapain
2261,ngapusi,berbohong
2262,ngara,negara
2263,ngarah,mengarah
2264,ngarang,mengarang
2265,ngaranye,negaranya
2266,ngarap,mengerjakan
2267,ngarep,berharap
2268,ngarepane,harapannya
2269,ngarepin,mengharapkan
2270,ngaret,telat
2271,ngarti,mengerti
2272,ngaruh,berpengaruh
2273,ngash,memberi
2274,ngasi,memberi
2275,ngasih,memberi
2276,ngasih2,memberi
2277,ngasihnya,memberinya
2278,ngaso,istirahat
2279,ngasuh,mengasuh
2280,ngatain,mengatakan
2281,ngatasi,mengatasi
2282,ngatasin,mengatasi
2283,ngatur,mengatur
2284,ngawasin,mengawasi
2285,ngawe,membuat
2286,ngawur,ngasal
2287,ngawur2an,ngasal-asalan
2288,ngayal,mengkhayal
2289,ngayalnye,mengkhayalnya
2290,ngbikin,membuat
2291,ngbom,mengebom
2292,ngbrol,mengobrol
2293,ngbuka,membuka
2294,ngdate,berkencan
2295,ngebalikin,mengembalikan
2296,ngebalikinnya,mengembalikannya
2297,ngebalikinya,mengembalikannya
2298,ngeband,main band
2299,ngebangain,membanggakan
2300,ngebanggain,membanggakan
2301,ngebangun,membangun
2302,ngebantai,membantai
2303,ngebanyol,membanyol
2304,ngebawa,membawa
2305,ngebayangin,membayangkan
2306,ngebayanginnya,membayangkannya
2307,ngebayanginya,membayangkannya
2308,ngebel,menelpon
2309,ngebelin,membelikan
2310,ngebilangin,memberitau
2311,ngeblokir,memblokir
2312,ngebo,tidur
2313,Ngebolang,berpetualang
2314,ngebolehin,membolehkan
2315,ngebom,mengebom
2316,ngebor,mengebor
2317,ngebosenin,membosankan
2318,ngebunuh,membunuh
2319,ngebut,mengebut
2320,ngebut2,kebut-kebutan
2321,ngebutz,mengebut
2322,ngebutzzz,mengebut
2323,ngecapin,mengecapi
2324,ngece,mengejek
2325,ngecek,mengecek
2326,ngeces,mengecas
2327,ngecet,mengecat
2328,ngeclub,membuat klub
2329,ngedadak,mendadak
2330,ngedarin,mengedarkan
2331,ngedate,berkencan
2332,ngedeke,membangun
2333,ngedekke,membangun
2334,ngedengkur,mendengkur
2335,ngedit,mengedit
2336,ngedit2,mengedit-edit
2337,ngedoain,mendoakan
2338,ngedor,menembak
2339,ngedp,membayar uang muka
2340,ngedufan,pergi ke dufan
2341,ngedukung,mendukung
2342,ngefolow,ngefollow
2343,ngegolin,mencetak gol
2344,ngehalau,menghalau
2345,ngehargai,menghargai
2346,ngehibur,menghibur
2347,ngehina,menghina
2348,ngehormatin,menghormati
2349,ngejagain,menjagakan
2350,ngejak,mengajak
2351,ngejalanin,menjalani
2352,ngejamin,menjamin
2353,ngejanjin,menjanjikan
2354,ngejar,mengejar
2355,ngejarnya,mengejarnya
2356,ngejek,mengejek
2357,ngejiplak,menjiplak
2358,Ngejual,menjual
2359,ngejubel,berjubel
2360,ngekek,tertawa
2361,ngeksis2an,eksis-eksisan
2362,ngeladenin,meladeni
2363,ngeladeninya,meladeninya
2364,ngelahirin,melahirkan
2365,ngelak,mengelak
2366,ngelaksonin,menglakson
2367,ngelamar,melamar
2368,ngelamun,melamun
2369,ngelanconk,melancong
2370,ngelantik,melantik
2371,ngelantur,melantur
2372,ngelap,mengelap
2373,ngelapak,berjualan
2374,ngelatihnya,melatihnya
2375,ngelawak,melucu
2376,ngeledek,mengejek
2377,ngelelepin,menenggelamkan
2378,ngelepas,melepas
2379,ngeles,membuat alasan
2380,ngelesnya,membuat alasannya
2381,ngelewatin,melewati
2382,ngeliat,melihat
2383,ngeliate,melihat
2384,ngeliatin,memperlihatkan
2385,ngeliatnya,melihatnya
2386,ngelilingin,mengelilingi
2387,ngeliput,meliput
2388,ngelirik,melirik
2389,ngelitik,menggelitik
2390,ngelive,disiarkan langsung
2391,ngelu,pusing
2392,ngeluapin,meluapkan
2393,ngeluarin,mengeluarkan
2394,ngeluarinya,mengeluarkannya
2395,ngelucu,melucu
2396,ngeluh,mengeluh
2397,ngelukis,melukis
2398,ngelupain,melupakan
2399,ngelus,mengelus
2400,ngembalin,mengembalikan
2401,ngembang,mengembang
2402,ngembun,mengembun
2403,ngemeng,ngomong
2404,ngemeng2,ngomong-ngomong
2405,ngemis2,mengemis-ngemis
2406,ngemodus,membuat modus
2407,ngemot,mengemut
2408,ngena,mengena
2409,ngenalin,mengenalkan
2410,ngendap,mengendap
2411,ngene,begini
2412,ngeneh,begini
2413,ngenes,mengenaskan
2414,ngenet,internetan
2415,ngepain,ngapain
2416,ngepel,mengepel
2417,ngepelin,mengepelkan
2418,ngerakit,merakit
2419,ngeramal,meramal
2420,ngeramein,meramaikan
2421,ngerampok,merampok
2422,ngerasa,merasa
2423,ngerasain,merasakan
2424,ngerayain,merayakan
2425,ngerayainnya,merayakannya
2426,ngerayainya,merayakannya
2427,ngerayu,merayu
2428,ngeremehin,meremehkan
2429,ngerencanain,merencanakan
2430,ngerepotin,merepotkan
2431,ngeres2,berpikiran kotor
2432,ngeributin,meributkan
2433,ngerintis,merintis
2434,Ngeriset,melakukan riset
2435,ngerix,ngerinya
2436,ngerjain,mengerjakan
2437,ngerokok,merokok
2438,ngertine,yang dimengerti
2439,ngertio,ngertikan
2440,ngerubah,mengubah
2441,ngerugiin,merugikan
2442,ngerugin,merugikan
2443,ngerusak,merusak
2444,ngerusakin,merusakkan
2445,ngetem,nongkrong
2446,ngetuit,ngetweet
2447,ngetwet,ngetweet
2448,ngetwets,ngetweet
2449,ngetwit,ngetweet
2450,ngetwitnya,ngetweetnya
2451,ngfollow,follow
2452,ngfolow,follow
2453,ngg,tidak
2454,ngga,tidak
2455,nggak,tidak
2456,nggakk,tidak
2457,nggakpapa,tidak apa-apa
2458,nggakyk,tidak seperti
2459,nggandeng,menggandeng
2460,ngganjel,mengganjal
2461,ngganteng,ganteng
2462,nggarap,mengerjakan
2463,nggash,memberi
2464,nggawa,membawa
2465,nggawe,membuat
2466,nggih,iya
2467,nggk,tidak
2468,nggo,untuk
2469,nggon,tempat
2470,nggonku,tempatku
2471,nggowes,bersepeda
2472,nggowo,membawa
2473,nggowo2,membawa
2474,nggu,nunggu
2475,nggundulinnya,menggundulinya
2476,ngguyu,tertawa
2477,nggy,gaya
2478,nghirup,menghirup
2479,ngibul,berkhayal
2480,ngidem,ngikut
2481,ngiderin,mengedarkan
2482,ngigau,mengigau
2483,ngih,iya
2484,ngijinin,mengizinkan
2485,ngikutin,mengikuti
2486,ngilang,menghilang
2487,ngilangin,menghilangkan
2488,ngimpi,mimpi
2489,ngimpih,mimpi
2490,ngimpiku,mimpiku
2491,ngincer,mengincar
2492,ngindarin,menghindari
2493,nginep,menginap
2494,nginepnya,menginapnya
2495,ngingetin,mengingatkan
2496,nginjek,menginjak
2497,ngintil,mengikuti
2498,ngintip,mengintip
2499,ngira,mengira
2500,ngiranya,mengiranya
2501,ngirim,mengirim
2502,ngiris,mengiris
2503,ngirup,menghirup
2504,ngis,nangis
2505,ngisi,mengisi
2506,ngiterin,mengitari
2507,ngitung,menghitung
2508,ngitungin,menghitung
2509,ngjak,mengajak
2510,ngjak2,mengajak-ajak
2511,ngjakin,mengajak
2512,ngjakn,mengajak
2513,ngjar,mengajar
2514,ngjarin,mengajari
2515,ngjk,mengajak
2516,ngjkin,mengajak
2517,ngk,tidak
2518,ngke,nanti
2519,ngko,nanti
2520,ngkost,kos
2521,ngkrong,nongkrong
2522,ngku,mengaku
2523,ngkut,ngikut
2524,nglakokne,menjalankan
2525,nglamar,melamar
2526,nglelang,melelang
2527,nglewatin,melewati
2528,ngliat,melihat
2529,ngliatin,melihat
2530,nglumpuke,mengumpulkan
2531,ngmg,ngomong
2532,ngmgn,ngomongin
2533,ngmng,ngomong
2534,ngmngin,ngomongin
2535,ngmngnya,ngomongnya
2536,ngmong,ngomong
2537,ngmongin,ngomongin
2538,ngmpln,mengumpulkan
2539,ngmpul,kumpul
2540,ngmpulin,mengumpulkan
2541,ngmuk,mengamuk
2542,ngnggur,menganggur
2543,ngngkat,mengangkat
2544,ngntuk,mengantuk
2545,ngo,untuk
2546,ngobro,ngobrol
2547,ngoceh,mengoceh
2548,ngocok,mengocok
2549,ngocol,mengocol
2550,ngolek,mencari
2551,ngoleksi,mengoleksi
2552,ngomel,mengomel
2553,ngomgn,ngomongin
2554,ngomogin,ngomongin
2555,ngomong2,ngomong-ngomong
2556,ngomonge,ngomongnya
2557,ngomongin,ngomongin
2558,ngonku,tempatku
2559,ngonoh,begitu
2560,ngonthel,bersepeda
2561,ngontrak,mengontrak
2562,ngopikeun,ngopikan
2563,ngopo,ngapain
2564,ngosek,nanti
2565,ngowes,bersepeda
2566,ngowo,membawa
2567,ngowo2,membawa
2568,ngp,ngapain
2569,ngpain,ngapain
2570,ngpn,ngapain
2571,ngpo,ngapain
2572,ngra,mengira
2573,ngrakit,merakit
2574,ngrasake,merasakan
2575,ngrasakno,merasakan
2576,ngrayain,merayakan
2577,ngrebut,merebut
2578,ngrokok,merokok
2579,ngrsain,merasakan
2580,ngrti,mengerti
2581,ngrusak,merusak
2582,ngsh,ngasih
2583,ngsih,ngasih
2584,ngubah,mengubah
2585,ngubengi,mengitari
2586,ngucapin,mengucapkan
2587,nguidam,ngidam
2588,ngulang,mengulang
2589,nguliah,kuliah
2590,ngumbar,mengumbar
2591,ngumpet,bersembunyi
2592,ngunu,begitu
2593,ngupi,ngopi
2594,ngupi2,ngopi-ngopi
2595,ngurangin,mengurangi
2596,nguras,menguras
2597,ngurusin,mengurusi
2598,ngurusinya,mengurusinya
2599,ngurusinyo,mengurusinya
2600,ngusul,usul
2601,ngusulin,mengusulkan
2602,ngutang,hutang
2603,ngutangi,menghutangi
2604,nguyu,tertawa
2605,nguyuh,kencing
2606,nie,ini
2607,night,malam
2608,nipuin,menipu
2609,nisan,nissan
2610,njih,iya
2611,njupuk,mengambil
2612,nlp,menelpon
2613,nlpn,menelpon
2614,nma,nama
2615,nmanya,namanya
2616,nmax,namanya
2617,nmna,namanya
2618,nmnya,namanya
2619,nmor,nomor
2620,nmpak,tampak
2621,nmpk,tampak
2622,nmr,nomor
2623,nmrnya,nomornya
2624,nmun,namun
2625,nnggu,menunggu
2626,nngguin,tungguin
2627,nngis,nenagis
2628,nnt,nanti
2629,nnton,nonton
2630,nntonnya,nontonnya
2631,no,nomor
2632,nolak,menolak
2633,nolong,menolong
2634,nolongin,menolong
2635,nomer,nomor
2636,nomere,nomornya
2637,nontonya,nontonnya
2638,nope,nomor HP
2639,nothing,tidak ada
2640,notif,pemberitahuan
2641,notifnya,pemberitahuannya
2642,nov,november
2643,now,sekarang
2644,npa,kenapa
2645,ntar,nanti
2646,nti,nanti
2647,ntinya,nantinya
2648,ntip,nitip
2649,ntn,nonton
2650,nton,nonton
2651,ntr,nanti
2652,number,nomor
2653,numpak,naik
2654,nungu,nunggu
2655,nyampe,sampai
2656,nyelengi,menabung
2657,nyelesein,menyelesaikan
2658,nyembuhin,menyembuhkan
2659,nyempetin,menyempatkan
2660,nyenengin,menyenangkan
2661,nyengol,menyenggol
2662,nyepedah,bersepeda
2663,nyesek,bikin sesak
2664,nyesel,menyesal
2665,nynyi,menyanyi
2666,nyokap,ibu
2667,nyolong,mencuri
2668,nyopet,mencopet
2669,nyupir,menyopir
2670,nyupire,menyopir
2671,nyupiri,menyopir
2672,nyuri,mencuri
2673,og,kok
2674,oia,oh iya
2675,ole-ole,oleh-oleh
2676,ole2,oleh-oleh
2677,oleh2,oleh-oleh
2678,omaigat,Ya Tuhan
2679,omaigot,Ya Tuhan
2680,omdo,omong doang
2681,omg,Ya Tuhan
2682,ono,ada
2683,opo,apa
2684,opr,operator
2685,oprtr,operator
2686,optional,pilihan
2687,options,pilihan
2688,ora,tidak
2689,org,orang
2690,org2,orang-orang
2691,orgalay,orang alay
2692,orgil,orang gila
2693,orgnya,orangnya
2694,orgtua,orangtua
2695,ori,original
2696,orng,orang
2697,orng2,orang-orang
2698,orngny,orangnya
2699,other,lainnya
2700,others,lainnya
2701,otmatis,otomatis
2702,otw,lagi di jalan
2703,"p\baikan""",perbaikan
2704,pa2,apa-apa
2705,pabrkan,pabrikan
2706,pacal,pacar
2707,pacalku,pacarku
2708,pager,pagar
2709,pailit,pelit
2710,pakaianya,pakaiannya
2711,pake,pakai
2712,pakein,pakaikan
2713,pakek,pakai
2714,panasnye,panasnya
2715,pancen,memang
2716,pangil,panggil
2717,pangilan,panggilan
2718,pantes,pantas
2719,parent,orangtua
2720,parents,orangtua
2721,party,pesta
2722,pcar,pacar
2723,pcaran,pacaran
2724,pcarku,pacarku
2725,pcr,[acar
2726,pcran,pacaran
2727,pcrmu,pacarmu
2728,pcrn,pacaran
2729,pcrnya,pacarnya
2730,pcrx,pacarnya
2731,pda,pada
2732,pdahal,padahal
2733,pdhal,padahal
2734,pdhalkan,padahalkan
2735,pdhl,padahal
2736,peace,damai
2737,pedes,pedas
2738,pegel,pegal
2739,pegi,pergi
2740,pekerjan,pekerjaan
2741,pelangan,pelanggan
2742,pelastik,plastik
2743,pelayananya,pelayanannya
2744,pelis,*memohon
2745,pelkunya,pelakunya
2746,pemainya,pemainnya
2747,pemakaianya,pemakaiannya
2748,pembayaranya,pembayarannya
2749,pembelan,pembelaan
2750,pembelanjan,pembelanjaan
2751,pembicaran,pembicaraan
2752,pembicraan,pembicaraan
2753,pembicran,pembicaraan
2754,pemkot,pemerintah kota
2755,pemotor,pemakai motor
2756,pemprov,pemerintah provinsi
2757,pencetane,pencetannya
2758,pencinta,pecinta
2759,pencitran,pencitraan
2760,penderitan,penderitaan
2761,pendiem,pendiam
2762,pengantian,penggantian
2763,pengen,ingin
2764,pengerjan,pengerjaan
2765,pengerjanya,pengerjaannya
2766,penghargan,penghargaan
2767,pengila,penggila
2768,penginapa,penginapan
2769,penginepan,penginapan
2770,pengmuman,pengumuman
2771,penguna,pengguna
2772,pengunan,penggunaan
2773,perasan,perasaan
2774,perasanku,perasaanku
2775,perasanmu,perasaanmu
2776,perduli,peduli
2777,perjlanan,perjalanan
2778,perkiran,perkiraan
2779,perkoro,perkara
2780,perktaan,perkataan
2781,perktan,perkataan
2782,permaenan,permainan
2783,permasalahanya,permasalahannya
2784,pertanyanya,pertanyaannya
2785,pertanyanye,pertanyaannya
2786,pesen,pesan
2787,pesenan,pesanan
2788,pesenanku,pesananku
2789,pg,pagi
2790,pgang,pegang
2791,pgar,pagar
2792,pgen,ingin
2793,pggl,panggil
2794,pgguna,pengguna
2795,pgi,pagi
2796,pgi2,pagi-pagi
2797,pgl,panggil
2798,pgn,ingin
2799,pgnnya,inginnya
2800,pguna,pengguna
2801,phk,pihak
2802,photo,foto
2803,picnic,piknik
2804,picnya,gambarnya
2805,pics,gambar
2806,picture,gambar
2807,pijet,pijat
2808,pijete,pijatnya
2809,pilgub,pemilihan gubernur
2810,pingin,ingin
2811,pinjem,pinjam
2812,pinjeman,pinjaman
2813,pinjemin,pinjamkan
2814,pinten,berapa
2815,pinter,pintar
2816,piro,berapa
2817,pis,damai
2818,pisan,sekali
2819,piscok,pisang cokelat
2820,piye,bagaimana
2821,pk,pakai
2822,pkai,pakai
2823,pke,pakai
2824,pkek,pakai
2825,pkeknyo,pakainya
2826,pkerjaan,pekerjaan
2827,pkerjan,pekerjaan
2828,pket,paket
2829,pkok,pokok
2830,pkoke,pokoknya
2831,pkoknya,pokoknya
2832,pkt,paket
2833,place,tempat
2834,please,*memohon
2835,plen,teman
2836,plend,teman
2837,plg,pulang
2838,plh,pilih
2839,plih,pilih
2840,plihan,pilihan
2841,plihanmu,pilihanmu
2842,plihannya,pilihannya
2843,plihanya,pilihannya
2844,plis,*memohon
2845,pljar,pelajar
2846,plng,pulang
2847,plnggan,pelanggan
2848,pls,pulsa
2849,plsa,pulsa
2850,pmain,pemain
2851,pmbelian,pembelian
2852,pmbngn,pembangunan
2853,pmbngnn,pembangunan
2854,pmbyran,pembayaran
2855,pmenang,pemenang
2856,pmeran,pameran
2857,pnasx,panasnya
2858,pndah,pindah
2859,pndahkn,pindahkan
2860,pndai,pandai
2861,pndeta,pendeta
2862,pndh,pindah
2863,pndhkan,pindahkan
2864,pndk,pendek
2865,pndngn,pandangan
2866,pndok,pondok
2867,pnempatan,penempatan
2868,png,ingin
2869,pngaduan,pengaduan
2870,pngamatan,pengamatan
2871,pngandaran,pangandaran
2872,pngantin,pengantin
2873,pngawas,pengawas
2874,pngecekan,pengecekan
2875,pngeckn,pengecekan
2876,pngemar,penggemar
2877,pngemudi,pengemudi
2878,pngen,ingin
2879,pnggemar,penggemar
2880,pnggil,panggil
2881,pnggila,panggilan
2882,pnggiln,panggilan
2883,pnggiran,pinggiran
2884,pnggl,panggil
2885,pngguna,pengguna
2886,pngil,panggil
2887,pngila,panggilan
2888,pngiln,penggilan
2889,pngiran,pinggiran
2890,pngkal,pangkal
2891,pngkatan,pangkatan
2892,pngl,panggil
2893,pngn,ingin
2894,pngnnya,inginnya
2895,pngnya,inginnya
2896,pngthan,pengetahuan
2897,pnguna,pengguna
2898,pngunjungna,pengunjungnya
2899,pngusaha,pengusaha
2900,pnh,pernah
2901,pnjam,pinjam
2902,pnjang,panjang
2903,pnjem,pinjam
2904,pnngkatan,peningkatan
2905,pnter,pintar
2906,pntes,pantas
2907,pntg,penting
2908,pnting,penting
2909,pntng,penting
2910,pntu,pintu
2911,pnuh,penuh
2912,pnumpang,penumpang
2913,pnungang,penunggang
2914,pny,punya
2915,pnya,punya
2916,pokoke,pokoknya
2917,pokokmen,pokoknya
2918,pokokna,pokoknya
2919,pokokny,pokoknya
2920,pokoknyah,pokoknya
2921,pokoknye,pokoknya
2922,ponakan2,ponakan-ponakan
2923,posisix,posisinya
2924,position,posisi
2925,positip,positif
2926,positive,positif
2927,poto,foto
2928,poto2,foto-foto
2929,potone,fotonya
2930,potonga,potongan
2931,potongane,potongannya
2932,potonganya,potongannya
2933,potongny,potongannya
2934,prancis,perancis
2935,prasaan,perasaan
2936,prasamu,perasaanmu
2937,prasan,perasaan
2938,prbaikn,perbaikan
2939,prbndinganya,perbandingannya
2940,prbyar,prabayar
2941,prcaya,percaya
2942,prcya,percaya
2943,prduk,produk
2944,prepare,persiapan
2945,present,hadir
2946,prformance,pertunjukan
2947,prg,pergi
2948,prgi,pergi
2949,prginy,perginya
2950,prginya,perginya
2951,prhatian,perhatian
2952,prhatin,perhatikan
2953,prhtungan,perhitungan
2954,price,harga
2955,prlu,perlu
2956,prmintaan,permintaan
2957,prmslhkan,permasalahkan
2958,prmukaan,permukaan
2959,prmukan,permukaan
2960,prnah,pernah
2961,prngkt,perangkat
2962,prnh,pernah
2963,produck,produk
2964,product,produk
2965,promise,berjanji
2966,prtm,pertama
2967,prtma,pertama
2968,prtunjukan,pertunjukan
2969,prumahan,perumahan
2970,prusahaan,perusahaan
2971,prusahan,perusahaan
2972,prushaan,perusahaan
2973,prushan,perusahaan
2974,prustasi,frustasi
2975,prwakilan,perwakilan
2976,ps.mingu,pasar minggu
2977,ps.rebo,pasar rebo
2978,psang,pasang
2979,psangin,pasangkan
2980,psat,pusat
2981,psawat,pesawat
2982,pscabyar,pascabayar
2983,psi,pssi
2984,pst,pasti
2985,psti,pasti
2986,pstikan,pastikan
2987,pstikn,pastikan
2988,pstkn,pastikan
2989,psukan,pasukan
2990,pswt,pesawat
2991,ptgs,petugas
2992,pth,putih
2993,ptih,putih
2994,ptngn,potongan
2995,ptong,potong
2996,ptongn,potongan
2997,puanas,panas
2998,public,publik
2999,pulg,pulang
3000,pulkam,pulang kampung
3001,pulng,pulang
3002,punten,maaf
3003,punx,punya
3004,puny,punya
3005,pupuler,popular
3006,pura2,pura-pura
3007,puteri,putri
3008,puth,putih
3009,putrie,putri
3010,putry,putri
3011,py,bagaimana
3012,pye,bagaimana
3013,q,saya
3014,qlw,kalau
3015,qm,kamu
3016,qt,kita
3017,qta,kita
3018,qu,saya
3019,quality,kualitas
3020,quiz,kuis
3021,raiso,tidak bisa
3022,rame,ramai
3023,rame2,ramai-ramai
3024,rasax,rasanya
3025,realitinya,realitanya
3026,receptionist,resepsionis
3027,regi,harga
3028,relation,relasi
3029,relationship,hubungan
3030,relax,santai
3031,reliability,tahan uji
3032,remember,ingat
3033,remembers,mengingatkan
3034,remembr,ingat
3035,repair,perbaiki
3036,repeat,ulangi
3037,replacement,penggantian
3038,replay,pengulangan
3039,report,laporan
3040,reports,laporan
3041,resources,sumberdaya
3042,respect,rasa hormat
3043,revelusion,revolusi
3044,reverse,kebalikan
3045,review,tinjau
3046,reward,hadiah
3047,rgunan,ragunan
3048,rmah,rumah
3049,rmai,ramai
3050,rmbut,rambut
3051,rmh,rumah
3052,rncana,rencana
3053,rncn,rencana
3054,rncna,rencana
3055,row,baris
3056,rsa,rasa
3057,rsak,rusak
3058,rsany,rasanya
3059,rsanya,rasanya
3060,sabaraha,berapa
3061,sabarahaeun,berapa
3062,saeutik,sedikit
3063,safetybelt,sabuk pengaman
3064,saia,saya
3065,saiki,sekarang
3066,sajah,saja
3067,sakalian,sekalian
3068,sam2,sama-sama
3069,sama2,sama-sama
3070,sampe,sampai
3071,sampein,sampaikan
3072,samperin,datangi
3073,samrinda,samarinda
3074,sangad,sangat
3075,sanget,sangat
3076,sangune,uang sakuku
3077,sangup,sanggup
3078,sante2,santai-santai
3079,sapa,siapa
3080,sapah,siapa
3081,sape,siapa
3082,sarano,sarannya
3083,saranya,sarannya
3084,sarap,saraf
3085,sare,tidur
3086,sarebuan,seribuan
3087,sareng,bareng
3088,sat,saat
3089,satuany,satuannya
3090,satuju,setuju
3091,saudra,saudara
3092,sbaliknya,sebaliknya
3093,sbar,sabar
3094,sbb,sebagai berikut
3095,sbel,sebel
3096,sbelah,sebelah
3097,sbelom,sebelum
3098,sbelum,sebelum
3099,sbelumnya,sebelumnya
3100,sbenarnya,sebenarnya
3101,sbenernya,sebenarnya
3102,sberapo,seberapa
3103,sbg,sebagai
3104,sbgai,sebagai
3105,sbgi,sebagai
3106,sbginya,sebagainya
3107,sbk,sibuk
3108,sblah,sebelah
3109,sblh,sebelah
3110,sblm,sebelum
3111,sblmnya,sebelumnya
3112,sblom,sebelum
3113,sblum,sebelum
3114,sbner,sebenarnya
3115,sbnernya,sebenarnya
3116,sbnrnya,sebenarnya
3117,sbnrnye,sebenarnya
3118,sbntar,sebentar
3119,sbnyk,sebanyak
3120,sbongkah,sebingkah
3121,sbr,sabar
3122,sbraha,berapa
3123,sbrnya,sebenarnya
3124,sbrp,seberapa
3125,sbtr,sebentar
3126,sbtu,sabtu
3127,sbuah,sebuah
3128,sbuk,sibuk
3129,sbut,sebut
3130,sbutin,sebutkan
3131,scandal,skandal
3132,scepatnya,secepatnya
3133,sceptnya,secepatnya
3134,sch,sekolah
3135,schol,sekolah
3136,scholarship,beasiswa
3137,scptny,secepatnya
3138,scptnya,secepatnya
3139,scr,secara
3140,scra,secara
3141,sdah,sudah
3142,sdap,sedap
3143,sdekah,sedekah
3144,sdg,sedang
3145,sdh,sudah
3146,sdih,sedih
3147,sdikit,sedikit
3148,sdkh,sedekah
3149,sdkit,sedikit
3150,sdkt,sedikit
3151,sdng,sedang
3152,sdngkan,sedangkan
3153,sdotan,sedotan
3154,sdra2,saudara-saudara
3155,sebenrnya,sebenarnya
3156,seberapo,seberapa
3157,seblm,sebelum
3158,seblum,sebelum
3159,seblumnya,sebelumnya
3160,sebnarnye,sebenarnya
3161,sebntr,sebentar
3162,sebrang,seberang
3163,sebrangnya,seberangnya
3164,secepetnya,secepatnya
3165,secret,rahasia
3166,security,keamanan
3167,sedaya,semua
3168,sekate,sekata
3169,sekate-kate,sekata-kata
3170,seken,bekas
3171,seklian,sekalian
3172,sekola,sekolah
3173,selese,selesai
3174,seling,selling
3175,seller,penjual
3176,selow,santai
3177,semarfren,smartfren
3178,semlm,semalam
3179,semngat,semangat
3180,sempeet,sempat
3181,send,terkirim
3182,senen,senin
3183,seneng,senang
3184,sepda,sepeda
3185,sepert,seperti
3186,sept,september
3187,service,servis
3188,sgala,segala
3189,sgar,segar
3190,sgera,segera
3191,sgini,segini
3192,sgitu,segitu
3193,sgni,segini
3194,sgt,sangat
3195,shg,sehingga
3196,sht,sehat
3197,siapin,siapkan
3198,signal,sinyal
3199,signalnya,sinyalnya
3200,siji,satu
3201,silahakan,silahkan
3202,silhkan,silahkan
3203,simpen,simpan
3204,simpenan,simpanan
3205,simple,simpel
3206,sitik,sedikit
3207,sj,saja
3208,sja,saja
3209,sjti,sejati
3210,skali,sekali
3211,skali2,sekali-kali
3212,skalian,sekalian
3213,skaligus,sekaligus
3214,skalinya,sekalinya
3215,skarang,sekarang
3216,skg ,sekarang
3217,skit,sakit
3218,skitar,sekitar
3219,skitaran,sekitaran
3220,sklh,sekolah
3221,skola,sekolah
3222,skolah,sekolah
3223,skrg,sekarang
3224,skrng,sekarang
3225,slahkn,silahkan
3226,slain,selain
3227,slalu,selalu
3228,slama,selama
3229,slamat,selamat
3230,slangkah,selangkah
3231,slanjut,selanjut
3232,slanjutnya,selanjutnya
3233,slesai,selesai
3234,slgkuh,selingkuh
3235,slh,salah
3236,slhkan,silahkan
3237,slhkn,silahkan
3238,slmat,selamat
3239,slmt,selamat
3240,slow,santai
3241,slrh,seluruh
3242,slruh,seluruh
3243,slsai,selesai
3244,slse,selesai
3245,slu,selalu
3246,sm,sama
3247,smbg,sombong
3248,smbhyg,sembahyang
3249,smbil,sambil
3250,smbl,sambil
3251,smbong,sombong
3252,smbuh,sembuh
3253,smbung,sambung
3254,smcam,semacam
3255,smcm,semacam
3256,smg,semoga
3257,smga,semoga
3258,smgat,semangat
3259,smgt,semangat
3260,smingu,seminggu
3261,smlem,semalam
3262,smlm,semalam
3263,smoga,semoga
3264,smpah,sumpah
3265,smpai,sampai
3266,smpaikn,sampaikan
3267,smpati,simpati
3268,smpe,sampai
3269,smph,sumpah
3270,smpi,sampai
3271,smpingan,sampingan
3272,smpurna,sempurna
3273,smtr,semester
3274,smua,semua
3275,smw,semua
3276,smwa,semua
3277,sna,sana
3278,sndiri,sendiri
3279,sndirian,sendirian
3280,sndr,sendiri
3281,snen,senin
3282,sneng,senang
3283,sng,senang
3284,sngaja,sengaja
3285,sngat,sangat
3286,sngj,sengaja
3287,sngt,sangat
3288,snguh,sungguh
3289,snilai,senilai
3290,so,jadi
3291,sodara,saudara
3292,sodaraan,bersaudara
3293,sodaramu,saudaramu
3294,sodaran,bersaudara
3295,sodarany,saudaranya
3296,solat,salat
3297,sory,maaf
3298,spnjag,sepanjang
3299,sprt,seperti
3300,sprti,seperti
3301,sprtinya,sepertinya
3302,spt,seperti
3303,spti,seperti
3304,sptny,sepertinya
3305,sptnya,sepertinya
3306,spu2,sepupu
3307,spupu,sepupu
3308,sputar,seputar
3309,spy,supaya
3310,spya,supaya
3311,srapan,sarapan
3312,sratus,seratus
3313,srg,sering
3314,sribu,seribu
3315,sring,sering
3316,srius,serius
3317,sruh,suruh
3318,srvcnya,servisnya
3319,srvice,servis
3320,standard,standar
3321,statement,kalimat
3322,stdy,studi
3323,stengah,setengah
3324,stgah,setengah
3325,stgh,setengah
3326,stia,setia
3327,stiap,setiap
3328,sticker,stiker
3329,still,masih
3330,stingi,setinggi
3331,stlah,setelah
3332,stlh,setelah
3333,stngah,setengah
3334,stngh,setengah
3335,stock,persediaan
3336,stuju,setuju
3337,stupid,bodoh
3338,subjec,subjek
3339,subject,subjek
3340,sulsel,sulawesi selatan
3341,sumpeh,sumpah
3342,sumph,sumpah
3343,sunguh,sungguh
3344,sunguh-sunguh,sungguh-sungguh
3345,sunguh2,sungguh-sungguh
3346,sunguhan,sungguhan
3347,swt,subhanahu wata'ala
3348,sy,saya
3349,sya,saya
3350,syg,sayang
3351,syp,siapa
3352,sypa,siapa
3353,syudah,sudah
3354,syukr,terimakasih
3355,syukron,terimakasih
3356,tahzan,bersedih
3357,tajir,kaya
3358,tak,tidak
3359,takada,tidak ada
3360,takan,tidak akan
3361,takboleh,tidak boleh
3362,takda,tidak ada
3363,takdapat,tidak dapat
3364,takde,tidak ada
3365,takdo,tidak ada
3366,takeabath,mandi
3367,takjugak,tidak juga
3368,takkan,tidak akan
3369,takleh,tidak boleh
3370,taklukan,taklukkan
3371,takmau,tidak mau
3372,takmintak,saya minta
3373,taknak,tidak enak
3374,taknampak,tidak nampak
3375,takok,tanya
3376,takon,tanya
3377,takpa,tidak apa-apa
3378,takpe,tidak apa-apa
3379,taksuka,tidak suka
3380,taktau,tidak tau
3381,tanggalny,tanggalnya
3382,tanggane,tetangganya
3383,tangi,bangun
3384,tangkep,tangkap
3385,tangkiny,tangkinya
3386,tanguh,tangguh
3387,tangung,tanggung
3388,tanks,terimakasih
3389,tanye,tanya
3390,tar,nanti
3391,tasih,masih
3392,taudah,tau dah
3393,taudeh,tau dah
3394,taugak,tau tidak
3395,taun,tahun
3396,taunan,tahunan
3397,taunih,tau nih
3398,tauny,taunya
3399,td,tadi
3400,tdaftar,terdaftar
3401,tdak,tidak
3402,tdi,tadi
3403,tdiny,tadinya
3404,tdinya,tadinya
3405,tdk,tidak
3406,tebakar,terbakar
3407,tebel,tebal
3408,tebengkalai,terbengkalai
3409,tegoran,teguran
3410,tejual,terjual
3411,tekape,Tempat Kejadian Perkara
3412,tekok,tanya
3413,tekon,tanya
3414,telfon,telepon
3415,telimakacih,terimakasih
3416,telp,telepon
3417,telpon,telepon
3418,telu,tiga
3419,temn,teman
3420,tenks,terimakasih
3421,tenkyu,terimakasih
3422,tentuin,tentukan
3423,terbnyak,terbanyak
3424,tereak,teriak
3425,terpangang,terpanggang
3426,tetep,tetap
3427,teteup,tetap
3428,teu,tidak
3429,tga,tega
3430,tgah,tengah
3431,tgantung,tergantung
3432,tggal,tanggal
3433,tggalan,tanggalan
3434,tggi,tinggi
3435,tggl,tanggal
3436,tggu,tunggu
3437,tgihan,tagihan
3438,tgjawab,tanggungjawab
3439,tgkat,tingkat
3440,tgl,tanggal
3441,tgn,tangan
3442,tgs,tugas
3443,thanks,terimakasih
3444,thanx,terimakasih
3445,they,mereka
3446,thn,tahun
3447,thx,terimakasih
3448,tidor,tidur
3449,tiker,tikar
3450,time,waktu
3451,timnas,tim nasional
3452,tingal,tinggal
3453,tingalen,tinggalkan saja
3454,tingalin,tinggalkan
3455,tinggl,tinggal
3456,tingi,tinggi
3457,tjawab,terjawab
3458,tjd,terjadi
3459,tkejut,terkejut
3460,tkg,tukang
3461,tki,tenaga kerja Idonesia
3462,tkp,Tempat Kejadian Perkara
3463,tkpaham,tidak paham
3464,tkpe,Tempat Kejadian Perkara
3465,tks,terimakasih
3466,tku,beli
3467,tkut,takut
3468,tkutnya,takutnya
3469,tlah,telah
3470,tlanjur,terlanjur
3471,Tlf,telepon
3472,tlg,tolong
3473,tlh,telah
3474,tlng,tolong
3475,tlong,tolong
3476,tlor,telor
3477,tlp,telepon
3478,tlpn,telepon
3479,tlpnan,teleponan
3480,tman,teman
3481,tmbah,tambah
3482,tmben,tumben
3483,tmbh,tambah
3484,tmbhan,tambahan
3485,tmbhn,tambahan
3486,tmen,teman
3487,tmenan,berteman
3488,tmenya,temannya
3489,tmn,teman
3490,tmnin,temani
3491,tmnny,temannya
3492,tmnnya,temannya
3493,tmpat,tempat
3494,tmpat2,tempat-tempat
3495,tmpatny,tempatnya
3496,tmpt,tempat
3497,tmsk,termasuk
3498,tmt,tamat
3499,tmu,temu
3500,tmukn,temukan
3501,tnang,tenang
3502,tndk,tindak
3503,tndng,tanding
3504,tng,tenang
3505,tngah,tengah
3506,tngal,tinggal
3507,tngerang,tangerang
3508,tnggal,tinggal
3509,tnggi,tinggi
3510,tnggl,tinggal
3511,tnggu,tunggu
3512,tnggung,tanggung
3513,tngh,tengah
3514,tngi,tinggi
3515,tngkap,tangkap
3516,tngkrongan,tongkrongan
3517,tngl,tinggal
3518,tngn,tangan
3519,tngrng,tangerang
3520,tngu,tunggu
3521,tnp,tanpa
3522,tnpa,tanpa
3523,tntu,tentu
3524,tny,tanya
3525,tnya,tanya
3526,tnyaen,tanyakan
3527,tnye,tanya
3528,tnykan,tanyakan
3529,tnyt,ternyata
3530,to,untuk
3531,today,hari ini
3532,tonight,malam ini
3533,tp,tetapi
3534,tpi,tapi
3535,tpt,tepat
3536,tq,terimakasih
3537,trbaik,terbaik
3538,trbang,terbang
3539,trbaru,terbaru
3540,trbng,terbang
3541,trbntuk,terbentuk
3542,trbnyk,terbanyak
3543,trbuat,terbuat
3544,trcela,tercela
3545,tresno,suka
3546,trf,tarif
3547,trget,target
3548,trgntung,tergantung
3549,trguling,terguling
3550,trhambat,terhambat
3551,trhormat,terhormat
3552,trhrmat,terhormat
3553,triak,teriak
3554,trjd,terjadi
3555,trjual,terjual
3556,trkait,terkait
3557,trkenal,terkenal
3558,trkhir,terakhir
3559,trktir,traktir
3560,trlalu,terlalu
3561,trlanjur,terlanjur
3562,trlihat,terlihat
3563,trllu,terlalu
3564,trlu,terlalu
3565,trm,terima
3566,trmasuk,termasuk
3567,trminal,terminal
3568,trminat,terminat
3569,trmksi,terimakasih
3570,trmsk,termasuk
3571,trnsaksi,transaksi
3572,trnsksi,transaksi
3573,trnyata,ternyata
3574,trnyt,ternyata
3575,trptong,terpotong
3576,trpuji,terpuji
3577,trs,terus
3578,trserah,terserah
3579,trtentu,tertentu
3580,TRUE,benar
3581,trus,terus
3582,trust,terpercaya
3583,trutama,terutama
3584,truth,kebenaran
3585,try,mencoba
3586,trz,terus
3587,tsb,tersebut
3588,ttap,tetap
3589,ttapi,tetapi
3590,ttd,tanda tangan
3591,ttng,tentang
3592,ttpi,tetapi
3593,ttwa,tertawa
3594,tu,itu
3595,tuiter,twitter
3596,tuiteran,twitteran
3597,tuiterku,twitterku
3598,tuker,tukar
3599,tukeran,bertukar
3600,tukoke,belikan
3601,tukokne,belikan
3602,tukokno,belikan
3603,tukr,tukar
3604,tuku,beli
3605,tukuen,beli saja
3606,tungu,tunggu
3607,tungulah,tunggulah
3608,tunjukan,tunjukkan
3609,tunjukin,tunjukkan
3610,turu,tidur
3611,tv,televisi
3612,twet,tweet
3613,twit,tweet
3614,twiter,twitter
3615,twiteran,twitteran
3616,u,kamu
3617,u/,untuk
3618,ud,sudah
3619,uda,sudah
3620,udah,sudah
3621,Ude,sudah
3622,udeh,sudah
3623,udh,sudah
3624,uga,tidak
3625,ugak,tidak
3626,ujan,hujan
3627,uke,oke
3628,ulngn,ulangan
3629,ultah,ulang tahun
3630,ulth,ulang tahun
3631,uncle,paman
3632,unyu,lucu
3633,unyukan,lucukan
3634,utamain,utamakan
3635,utk,untuk
3636,vacation,liburan
3637,vidio,video
3638,w,saya
3639,wadh,aduh
3640,wadoh,aduh
3641,wadon,perempuan
3642,wadu,aduh
3643,waduh,aduh
3644,wae,saja
3645,wagub,wakil gubernur
3646,wait,tunggu
3647,walaupn,walaupun
3648,want,ingin
3649,wareg,kenyang
3650,warkop,warung kopi
3651,warteg,warung tegal
3652,wat,untuk
3653,web,situs
3654,website,situs
3655,wedok,perempuan
3656,wekday,weekday
3657,wekeend,akhir pekan
3658,wekend,akhir pekan
3659,wes,sudah
3660,what,apa
3661,when,kapan
3662,where,dimana
3663,while,ketika
3664,why,kenapa
3665,win,menang
3666,wis,sudah
3667,wkt,waktu
3668,wktu,waktu
3669,wktuny,waktunya
3670,wktunya,waktunya
3671,wnita,wanita
3672,woman,wanita
3673,women,wanita
3674,wonten,ada
3675,Wontene,yang ada
3676,words,kata
3677,work,bekerja
3678,world,dunia
3679,wrn,warna
3680,wrna,warna
3681,wtf,bangsat
3682,Wuedan,edan
3683,yaolo,Ya Allah
3684,yaoloh,Ya Allah
3685,Yaowoh,Ya Allah
3686,yaud,ya sudah
3687,Yauda,ya sudah
3688,yaudah,ya sudah
3689,Yaude,ya sudah
3690,yaudeh,ya sudah
3691,yaudh,ya sudah
3692,yawdah,ya sudah
3693,yawes,ya sudah
3694,yaweslah,ya sudahlah
3695,yawlloh,Ya Allah
3696,yawloh,Ya Allah
3697,Yawoh,Ya Allah
3698,Ydh,ya sudah
3699,year,tahun
3700,yearbok,buku tahunan
3701,yearbook,buku tahunan
3702,yegak,iya tidak
3703,yes,ya
3704,yg,yang
3705,yng,yang
3706,yo,ya
3707,yoi,ya
3708,you,kamu
3709,yowes,ya sudah
3710,yoweslah,ya sudahlah
3711,yowis,ya sudah
3712,yth,yang terhormat
3713,yudeh,ya sudah
3714,yudh,ya sudah
3715,ywd,ya sudah
3716,ywdah,ya sudah
3717,ywdh,ya sudah
3718,ywdhlh,ya sudahlah
3719,ywis,ya sudah
3720,rp,rupiah
